"","player","salary_rank","salary","roster_number","position","height","weight","birthday","country","experience","college","stat_rank","age","games","games_started","minutes_played","field_goals","field_goal_attempts","field_goal_pct","3_points","3_point_attempts","3_point_pct","2_points","2_point_attempts","2_point_pct","eff_field_goal_pct","free_throws","free_throw_attempts","free_throw_pct","offensive_rebounds","defensive_rebounds","total_rebounds","assists","steals","blocks","turnovers","personal_fouls","points","team_name"
"1","Channing Frye",6,7807579,9,"C",83,255,1983-05-17,"us","9","University of Arizona",12,32,26,3,446,71,161,0.441,43,114,0.377,28,47,0.596,0.575,11,14,0.786,12,81,93,26,8,8,13,56,196,"CLE"
"2","Dahntay Jones",15,8819,30,"SF",78,225,1980-12-27,"us","11","Duke University",17,35,1,0,42,6,14,0.429,1,2,0.5,5,12,0.417,0.464,0,0,NA,1,4,5,2,1,2,0,6,13,"CLE"
"3","Iman Shumpert",5,9e+06,4,"SG",77,220,1990-06-26,"us","4","Georgia Institute of Technology",9,25,54,5,1316,114,305,0.374,43,146,0.295,71,159,0.447,0.444,40,51,0.784,32,171,203,92,54,19,57,119,311,"CLE"
"4","James Jones",10,1499000,1,"SF",80,218,1980-10-04,"us","12","University of Miami",11,35,48,0,463,58,142,0.408,41,104,0.394,17,38,0.447,0.553,21,26,0.808,8,42,50,14,11,10,13,50,178,"CLE"
"5","J.R. Smith",7,5e+06,5,"SG",78,225,1985-09-09,"us","11","",3,30,77,77,2362,353,850,0.415,204,510,0.4,149,340,0.438,0.535,45,71,0.634,43,174,217,130,81,21,59,204,955,"CLE"
"6","Kevin Love",2,19500000,0,"PF",82,251,1988-09-07,"us","7","University of California, Los Angeles",2,27,77,77,2424,409,977,0.419,158,439,0.36,251,538,0.467,0.499,258,314,0.822,149,613,762,186,58,41,142,159,1234,"CLE"
"7","Kyrie Irving",3,14746000,2,"PG",75,193,1992-03-23,"au","4","Duke University",6,23,53,53,1667,394,879,0.448,84,262,0.321,310,617,0.502,0.496,169,191,0.885,44,113,157,249,56,18,124,107,1041,"CLE"
"8","LeBron James",1,22971000,23,"SF",80,250,1984-12-30,"us","12","",1,31,76,76,2709,737,1416,0.52,87,282,0.309,650,1134,0.573,0.551,359,491,0.731,111,454,565,514,104,49,249,143,1920,"CLE"
"9","Matthew Dellavedova",13,1147280,8,"PG",76,198,1990-09-08,"au","2","Saint Mary's College of California",5,25,76,14,1867,207,511,0.405,98,239,0.41,109,272,0.401,0.501,57,66,0.864,33,129,162,337,44,9,116,178,569,"CLE"
"10","Mo Williams",9,2100000,52,"PG",73,198,1982-12-19,"us","12","University of Alabama",10,33,41,14,748,132,302,0.437,36,102,0.353,96,200,0.48,0.497,38,42,0.905,6,66,72,98,14,5,57,60,338,"CLE"
"11","Richard Jefferson",11,1499000,24,"SF",79,233,1980-06-21,"us","14","University of Arizona",8,35,74,5,1326,143,312,0.458,66,173,0.382,77,139,0.554,0.564,58,87,0.667,15,113,128,59,33,14,43,129,410,"CLE"
"12","Sasha Kaun",12,1300000,14,"C",83,260,1985-05-08,"ru","R","University of Kansas",16,30,25,0,95,9,17,0.529,0,0,NA,9,17,0.529,0.529,5,11,0.455,12,14,26,3,4,5,7,11,23,"CLE"
"13","Timofey Mozgov",8,4950000,20,"C",85,275,1986-07-16,"ru","5","",7,29,76,48,1326,203,359,0.565,1,7,0.143,202,352,0.574,0.567,68,95,0.716,110,227,337,33,22,57,71,159,475,"CLE"
"14","Tristan Thompson",4,14260870,13,"PF",81,238,1991-03-13,"ca","4","University of Texas at Austin",4,24,82,34,2269,247,420,0.588,0,0,NA,247,420,0.588,0.588,149,242,0.616,268,470,738,62,38,51,61,202,643,"CLE"
"15","Anthony Bennett",14,947276,15,"PF",80,245,1993-03-14,"ca","2","University of Nevada, Las Vegas",15,22,19,0,84,8,27,0.296,3,14,0.214,5,13,0.385,0.352,9,10,0.9,6,17,23,0,5,0,4,8,28,"TOR"
"16","Bismack Biyombo",8,3e+06,8,"C",81,255,1992-08-28,"cd","4","",5,23,82,22,1808,156,288,0.542,0,1,0,156,287,0.544,0.542,142,226,0.628,182,473,655,29,19,133,71,225,454,"TOR"
"17","Bruno Caboclo",12,1524000,20,"SF",81,218,1995-09-21,"br","1","",16,20,6,1,43,1,12,0.083,1,7,0.143,0,5,0,0.125,0,0,NA,1,1,2,1,2,1,4,2,3,"TOR"
"18","Cory Joseph",4,7e+06,6,"SG",75,193,1991-08-20,"ca","4","University of Texas at Austin",3,24,80,4,2046,257,585,0.439,30,110,0.273,227,475,0.478,0.465,133,174,0.764,39,171,210,250,63,20,102,131,677,"TOR"
"19","Delon Wright",13,1509360,55,"PG",77,183,1992-04-26,"us","R","University of Utah",13,23,27,1,229,36,80,0.45,5,13,0.385,31,67,0.463,0.481,26,35,0.743,8,29,37,31,8,3,16,7,103,"TOR"
"20","DeMar DeRozan",3,9500000,10,"SG",79,221,1989-08-07,"us","6","University of Southern California",2,26,78,78,2804,614,1377,0.446,47,139,0.338,567,1238,0.458,0.463,555,653,0.85,64,285,349,315,81,21,175,167,1830,"TOR"
"21","DeMarre Carroll",1,13500000,5,"SF",80,215,1986-07-27,"us","6","University of Missouri",10,29,26,22,786,105,270,0.389,46,118,0.39,59,152,0.388,0.474,30,50,0.6,31,91,122,27,44,6,28,63,286,"TOR"
"22","James Johnson",10,2500000,3,"PF",81,250,1987-02-20,"us","6","Wake Forest University",9,28,57,32,926,114,240,0.475,20,66,0.303,94,174,0.54,0.517,39,68,0.574,28,98,126,67,29,33,54,84,287,"TOR"
"23","Jonas Valanciunas",6,4660482,17,"C",84,265,1992-05-06,"lt","3","",8,23,60,59,1557,303,536,0.565,0,0,NA,303,536,0.565,0.565,162,213,0.761,184,363,547,42,25,80,85,158,768,"TOR"
"24","Kyle Lowry",2,1.2e+07,7,"PG",73,196,1986-03-25,"us","9","Villanova University",1,29,77,77,2851,512,1198,0.427,212,547,0.388,300,651,0.461,0.516,398,491,0.811,55,310,365,494,158,34,225,211,1634,"TOR"
"25","Lucas Nogueira",11,1842000,92,"C",84,241,1992-07-26,"br","1","",14,23,29,1,225,28,44,0.636,1,3,0.333,27,41,0.659,0.648,8,15,0.533,18,28,46,7,12,12,11,29,65,"TOR"
"26","Luis Scola",9,3e+06,4,"PF",81,240,1980-04-30,"ar","8","",7,35,76,76,1636,269,598,0.45,65,161,0.404,204,437,0.467,0.504,61,84,0.726,84,276,360,66,46,27,68,178,664,"TOR"
"27","Norman Powell",15,650000,24,"SG",76,215,1993-05-25,"us","R","University of California, Los Angeles",11,22,49,24,725,97,229,0.424,36,89,0.404,61,140,0.436,0.502,43,53,0.811,16,95,111,47,29,10,32,59,273,"TOR"
"28","Patrick Patterson",5,6268675,54,"PF",81,230,1989-03-14,"us","5","University of Kentucky",4,26,79,0,2020,204,493,0.414,106,293,0.362,98,200,0.49,0.521,29,34,0.853,77,265,342,94,53,32,65,128,543,"TOR"
"29","Terrence Ross",7,3553917,31,"SF",79,206,1991-02-05,"us","3","University of Washington",6,24,73,7,1747,270,626,0.431,131,339,0.386,139,287,0.484,0.536,49,62,0.79,21,164,185,56,54,25,46,120,720,"TOR"
"30","Amar'e Stoudemire",9,1499187,5,"C",82,245,1982-11-16,"us","13","",11,33,52,36,762,125,221,0.566,0,0,NA,125,221,0.566,0.566,50,67,0.746,65,157,222,27,18,41,47,92,300,"MIA"
"31","Beno Udrih",8,2170465,19,"PG",75,205,1982-07-05,"si","11","",13,33,36,5,587,66,152,0.434,11,33,0.333,55,119,0.462,0.47,15,17,0.882,6,57,63,90,11,0,42,40,158,"MIA"
"32","Chris Bosh",1,22192730,1,"PF",83,235,1984-03-24,"us","12","Georgia Institute of Technology",6,31,53,53,1778,358,767,0.467,81,222,0.365,277,545,0.508,0.52,213,268,0.795,48,342,390,128,36,34,78,101,1010,"MIA"
"33","Dwyane Wade",2,2e+07,3,"SG",76,220,1982-01-17,"us","12","Marquette University",3,34,74,73,2258,540,1183,0.456,7,44,0.159,533,1139,0.468,0.459,322,406,0.793,82,220,302,344,79,42,203,116,1409,"MIA"
"34","Gerald Green",10,1356000,14,"SG",79,205,1986-01-26,"us","8","",7,30,69,14,1557,230,587,0.392,84,260,0.323,146,327,0.446,0.463,72,92,0.783,25,138,163,56,38,19,46,123,616,"MIA"
"35","Goran Dragic",3,14780000,7,"PG",75,190,1986-05-06,"si","7","",2,29,72,72,2363,417,875,0.477,64,205,0.312,353,670,0.527,0.513,120,165,0.727,54,223,277,419,71,17,185,188,1018,"MIA"
"36","Hassan Whiteside",11,981348,21,"C",84,265,1989-06-13,"us","3","Marshall University",5,26,73,43,2125,413,682,0.606,0,0,NA,413,682,0.606,0.606,214,329,0.65,238,627,865,30,44,269,137,201,1040,"MIA"
"37","Josh McRoberts",5,5543725,4,"PF",82,240,1987-02-28,"us","8","Duke University",12,28,42,1,595,55,148,0.372,12,49,0.245,43,99,0.434,0.412,28,40,0.7,22,83,105,81,18,7,30,68,150,"MIA"
"38","Josh Richardson",13,525093,0,"SG",78,200,1993-09-15,"us","R","University of Tennessee",8,22,52,2,1107,123,272,0.452,53,115,0.461,70,157,0.446,0.55,42,63,0.667,21,86,107,73,36,25,35,107,341,"MIA"
"39","Justise Winslow",7,2481720,20,"SF",79,225,1996-03-26,"us","R","Duke University",4,19,78,8,2232,195,462,0.422,32,116,0.276,163,346,0.471,0.457,80,117,0.684,81,322,403,117,68,26,95,184,502,"MIA"
"40","Luol Deng",4,10151612,9,"PF",81,220,1985-04-16,"ss","11","Duke University",1,30,74,73,2394,339,745,0.455,88,256,0.344,251,489,0.513,0.514,145,192,0.755,108,335,443,140,74,29,81,122,911,"MIA"
"41","Tyler Johnson",12,845059,8,"SG",76,186,1992-05-07,"us","1","California State University, Fresno",9,23,36,5,863,118,243,0.486,27,71,0.38,91,172,0.529,0.541,51,64,0.797,28,81,109,79,24,14,47,66,314,"MIA"
"42","Udonis Haslem",6,2854940,40,"PF",80,235,1980-06-09,"us","12","University of Florida",14,35,37,0,260,23,61,0.377,1,9,0.111,22,52,0.423,0.385,12,16,0.75,10,65,75,14,5,2,5,25,59,"MIA"
"43","Al Horford",2,1.2e+07,15,"C",82,245,1986-06-03,"do","8","University of Florida",2,29,82,82,2631,529,1048,0.505,88,256,0.344,441,792,0.557,0.547,103,129,0.798,148,448,596,263,68,121,107,163,1249,"ATL"
"44","Dennis Schroder",10,1763400,17,"PG",73,172,1993-09-15,"de","2","",7,22,80,6,1621,329,781,0.421,77,239,0.322,252,542,0.465,0.471,144,182,0.791,25,179,204,349,70,9,183,138,879,"ATL"
"45","Jeff Teague",4,8e+06,0,"PG",74,186,1988-06-10,"us","6","Wake Forest University",4,27,79,78,2255,434,988,0.439,110,275,0.4,324,713,0.454,0.495,261,312,0.837,33,181,214,470,97,24,218,167,1239,"ATL"
"46","Kent Bazemore",9,2e+06,24,"SF",77,201,1989-07-01,"us","3","Old Dominion University",5,26,75,68,2083,320,725,0.441,109,305,0.357,211,420,0.502,0.517,123,151,0.815,28,351,379,171,98,38,138,176,872,"ATL"
"47","Kirk Hinrich",8,2870000,12,"PG",76,190,1981-01-02,"us","12","University of Kansas",16,35,11,0,76,2,11,0.182,1,6,0.167,1,5,0.2,0.227,0,0,NA,1,11,12,14,2,1,3,1,5,"ATL"
"48","Kyle Korver",5,5746479,26,"SG",79,212,1981-03-17,"us","12","Creighton University",3,34,80,80,2401,268,616,0.435,158,397,0.398,110,219,0.502,0.563,45,54,0.833,14,246,260,164,60,35,98,161,739,"ATL"
"49","Lamar Patterson",14,525093,13,"SG",77,225,1991-08-12,"us","R","University of Pittsburgh",12,24,35,0,395,28,80,0.35,12,49,0.245,16,31,0.516,0.425,16,22,0.727,4,46,50,39,9,2,23,45,84,"ATL"
"50","Mike Muscala",13,947276,31,"C",83,240,1991-07-01,"us","2","Bucknell University",11,24,60,0,565,76,152,0.5,12,39,0.308,64,113,0.566,0.539,31,39,0.795,38,79,117,34,13,27,27,72,195,"ATL"
"51","Mike Scott",7,3333333,32,"PF",80,237,1988-07-16,"us","3","University of Virginia",8,27,75,0,1146,176,376,0.468,62,158,0.392,114,218,0.523,0.551,50,63,0.794,53,153,206,78,25,17,42,102,464,"ATL"
"52","Paul Millsap",1,1.9e+07,4,"PF",80,246,1985-02-10,"us","9","Louisiana Tech University",1,30,81,81,2647,501,1066,0.47,74,232,0.319,427,834,0.512,0.505,309,408,0.757,198,534,732,265,147,139,191,237,1385,"ATL"
"53","Thabo Sefolosha",6,4e+06,25,"SF",79,220,1984-05-02,"ch","9","",6,31,75,11,1758,188,372,0.505,42,124,0.339,146,248,0.589,0.562,62,99,0.626,52,282,334,107,85,37,68,109,480,"ATL"
"54","Tiago Splitter",3,8500000,11,"C",83,245,1985-01-01,"br","5","",10,31,36,2,579,81,155,0.523,0,2,0,81,153,0.529,0.523,39,48,0.813,45,75,120,30,20,12,24,71,201,"ATL"
"55","Tim Hardaway",11,1304520,10,"SG",78,205,1992-03-16,"us","2","University of Michigan",9,23,51,1,864,114,265,0.43,48,142,0.338,66,123,0.537,0.521,50,56,0.893,7,79,86,51,21,7,23,48,326,"ATL"
"56","Walter Tavares",12,1e+06,22,"C",87,260,1992-03-22,"cv","R","",17,23,11,0,73,11,19,0.579,0,0,NA,11,19,0.579,0.579,3,8,0.375,7,14,21,3,1,6,5,8,25,"ATL"
"57","Amir Johnson",2,1.2e+07,90,"PF",81,240,1987-05-01,"us","10","",6,28,79,76,1800,249,426,0.585,10,43,0.233,239,383,0.624,0.596,69,121,0.57,178,327,505,138,52,83,94,214,577,"BOS"
"58","Avery Bradley",3,7730337,0,"SG",74,180,1990-11-26,"us","5","University of Texas at Austin",2,25,76,72,2536,456,1019,0.447,147,407,0.361,309,612,0.505,0.52,96,123,0.78,48,172,220,158,117,19,109,164,1155,"BOS"
"59","Coty Clarke",18,61776,63,"SF",79,232,1992-07-04,"us","R","University of Arkansas",16,23,3,0,6,2,4,0.5,2,2,1,0,2,0,0.75,0,0,NA,0,1,1,0,0,0,1,0,6,"BOS"
"60","Evan Turner",8,3425510,11,"SG",79,220,1988-10-27,"us","5","Ohio State University",4,27,81,12,2271,343,753,0.456,20,83,0.241,323,670,0.482,0.469,148,179,0.827,50,347,397,359,80,28,169,139,854,"BOS"
"61","Isaiah Thomas",4,6912869,4,"PG",69,185,1989-02-07,"us","4","University of Washington",1,26,82,79,2644,591,1382,0.428,167,465,0.359,424,917,0.462,0.488,474,544,0.871,46,197,243,509,91,9,220,167,1823,"BOS"
"62","Jae Crowder",5,6e+06,99,"SF",78,235,1990-07-06,"us","3","Marquette University",3,25,73,73,2308,360,813,0.443,122,363,0.336,238,450,0.529,0.518,196,239,0.82,70,303,373,135,126,35,83,198,1038,"BOS"
"63","James Young",15,1749840,13,"SG",78,215,1995-08-16,"us","1","University of Kentucky",14,20,29,0,199,11,36,0.306,6,26,0.231,5,10,0.5,0.389,1,4,0.25,4,22,26,9,6,1,5,17,29,"BOS"
"64","Jared Sullinger",10,2269260,7,"PF",81,260,1992-03-04,"us","3","Ohio State University",5,23,81,73,1915,351,806,0.435,29,103,0.282,322,703,0.458,0.453,103,161,0.64,194,479,673,187,75,47,102,209,834,"BOS"
"65","Jonas Jerebko",6,5e+06,8,"PF",82,231,1987-03-02,"se","5","",9,28,78,0,1176,118,286,0.413,43,108,0.398,75,178,0.421,0.488,61,78,0.782,77,211,288,62,20,24,52,137,340,"BOS"
"66","Jordan Mickey",16,1200000,55,"PF",80,235,1994-07-09,"us","R","Louisiana State University",15,21,16,0,57,8,22,0.364,0,0,NA,8,22,0.364,0.364,5,10,0.5,6,7,13,1,0,11,1,5,21,"BOS"
"67","Kelly Olynyk",11,2165160,41,"C",84,238,1991-04-19,"ca","2","Gonzaga University",8,24,69,8,1395,253,556,0.455,85,210,0.405,168,346,0.486,0.531,96,128,0.75,72,209,281,105,52,33,74,163,687,"BOS"
"68","Marcus Smart",7,3431040,36,"PG",76,220,1994-03-06,"us","1","Oklahoma State University",7,21,61,10,1667,184,529,0.348,61,241,0.253,123,288,0.427,0.405,129,166,0.777,76,179,255,185,91,18,80,183,558,"BOS"
"69","R.J. Hunter",17,1148640,28,"SG",77,185,1993-10-24,"us","R","Georgia State University",12,22,36,0,315,36,98,0.367,19,63,0.302,17,35,0.486,0.464,6,7,0.857,2,35,37,13,14,4,11,29,97,"BOS"
"70","Terry Rozier",14,1824360,12,"PG",74,190,1994-03-17,"us","R","University of Louisville",13,21,39,0,311,29,106,0.274,6,27,0.222,23,79,0.291,0.302,8,10,0.8,24,39,63,37,6,1,19,23,72,"BOS"
"71","Tyler Zeller",9,2616975,44,"C",84,253,1990-01-17,"us","3","University of North Carolina",10,26,60,3,710,138,290,0.476,0,0,NA,138,290,0.476,0.476,88,108,0.815,62,116,178,29,10,22,46,97,364,"BOS"
"72","Aaron Harrison",14,525093,9,"SG",78,210,1994-10-28,"us","R","University of Kentucky",16,21,21,0,93,5,19,0.263,3,10,0.3,2,9,0.222,0.342,5,12,0.417,4,11,15,2,6,0,4,10,18,"CHO"
"73","Al Jefferson",1,13833333,25,"C",82,289,1985-01-04,"us","11","",8,31,47,18,1096,245,505,0.485,0,0,NA,245,505,0.485,0.485,72,111,0.649,57,244,301,70,30,41,34,117,562,"CHO"
"74","Cody Zeller",8,4204200,40,"C",84,240,1992-10-05,"us","2","Indiana University",5,23,73,60,1774,231,437,0.529,1,10,0.1,230,427,0.539,0.53,175,232,0.754,138,317,455,71,57,63,68,204,638,"CHO"
"75","Courtney Lee",6,5675000,1,"SG",77,200,1985-10-03,"us","7","Western Kentucky University",11,30,28,28,845,98,220,0.445,31,79,0.392,67,141,0.475,0.516,23,26,0.885,10,77,87,60,33,12,23,55,250,"CHO"
"76","Frank Kaminsky",10,2612500,44,"C",84,242,1993-04-04,"us","R","University of Wisconsin",6,22,81,3,1708,215,525,0.41,68,202,0.337,147,323,0.455,0.474,108,148,0.73,69,266,335,98,38,43,58,126,606,"CHO"
"77","Jeremy Lamb",9,3034356,3,"SG",77,185,1992-05-30,"us","3","University of Connecticut",7,23,66,0,1227,230,510,0.451,56,181,0.309,174,329,0.529,0.506,64,88,0.727,44,208,252,77,42,30,50,105,580,"CHO"
"78","Jeremy Lin",11,2100000,7,"SG",75,200,1988-08-23,"us","5","Harvard University",4,27,78,13,2048,300,728,0.412,76,226,0.336,224,502,0.446,0.464,238,292,0.815,42,211,253,235,58,42,150,165,914,"CHO"
"79","Jorge Gutierrez",15,301444,12,"PG",75,191,1988-12-27,"mx","2","University of California",17,27,12,0,63,6,11,0.545,0,2,0,6,9,0.667,0.545,10,11,0.909,0,7,7,17,3,0,6,3,22,"CHO"
"80","Kemba Walker",3,1.2e+07,15,"PG",73,172,1990-05-08,"us","4","University of Connecticut",1,25,81,81,2885,568,1331,0.427,182,490,0.371,386,841,0.459,0.495,371,438,0.847,56,301,357,421,126,39,171,111,1689,"CHO"
"81","Marvin Williams",4,7e+06,2,"PF",81,237,1986-06-19,"us","10","University of North Carolina",3,29,81,81,2338,338,747,0.452,152,378,0.402,186,369,0.504,0.554,120,144,0.833,127,394,521,110,58,77,62,133,948,"CHO"
"82","Michael Kidd-Gilchrist",5,6331404,14,"SF",79,232,1993-09-26,"us","3","University of Kentucky",15,22,7,7,205,33,61,0.541,3,7,0.429,30,54,0.556,0.566,20,29,0.69,12,33,45,9,3,3,8,9,89,"CHO"
"83","Nicolas Batum",2,12235750,5,"SF",80,200,1988-12-14,"fr","7","",2,27,70,70,2448,372,873,0.426,139,399,0.348,233,474,0.492,0.506,163,192,0.849,55,373,428,403,65,43,205,114,1046,"CHO"
"84","Spencer Hawes",7,5543725,0,"PF",85,245,1988-04-28,"us","8","University of Washington",9,27,57,6,1035,124,306,0.405,38,102,0.373,86,204,0.422,0.467,54,65,0.831,51,193,244,109,22,27,58,111,340,"CHO"
"85","Troy Daniels",13,947276,30,"SG",76,205,1991-07-15,"us","2","Virginia Commonwealth University",12,24,43,0,476,89,187,0.476,59,122,0.484,30,65,0.462,0.634,5,9,0.556,7,50,57,21,11,3,24,40,242,"CHO"
"86","Tyler Hansbrough",12,1185784,50,"PF",81,250,1985-11-03,"us","6","University of North Carolina",13,30,44,0,343,32,71,0.451,2,3,0.667,30,68,0.441,0.465,38,65,0.585,40,49,89,8,12,7,12,55,104,"CHO"
"87","C.J. Miles",6,4394225,0,"SF",78,225,1987-04-18,"us","10","",7,28,64,24,1464,259,634,0.409,142,387,0.367,117,247,0.474,0.521,93,124,0.75,25,150,175,63,53,29,70,142,753,"IND"
"88","George Hill",3,8e+06,3,"PG",75,188,1986-05-04,"us","7","Indiana University-Purdue University Indianapolis",3,29,74,73,2524,326,739,0.441,128,314,0.408,198,425,0.466,0.528,114,150,0.76,58,240,298,259,83,17,101,149,894,"IND"
"89","Glenn Robinson",15,845000,40,"SF",78,222,1994-01-08,"us","1","University of Michigan",12,22,45,4,508,65,151,0.43,14,37,0.378,51,114,0.447,0.477,27,39,0.692,12,56,68,26,17,9,18,21,171,"IND"
"90","Ian Mahinmi",8,4e+06,28,"C",83,250,1986-11-05,"fr","7","",4,29,71,71,1816,264,448,0.589,0,0,NA,264,448,0.589,0.589,132,225,0.587,138,369,507,104,65,75,100,220,660,"IND"
"91","Jordan Hill",7,4e+06,27,"C",82,235,1987-07-27,"us","6","University of Arizona",6,28,73,11,1513,278,549,0.506,0,1,0,278,548,0.507,0.506,89,125,0.712,156,295,451,87,36,37,92,155,645,"IND"
"92","Lavoy Allen",9,3700000,5,"PF",81,260,1989-02-04,"us","4","Temple University",5,26,79,28,1599,191,370,0.516,0,0,NA,191,370,0.516,0.516,46,73,0.63,162,262,424,76,26,42,69,147,428,"IND"
"93","Monta Ellis",2,10300000,11,"SG",75,185,1985-10-26,"us","10","",2,30,81,81,2734,436,1021,0.427,87,282,0.309,349,739,0.472,0.47,162,206,0.786,42,229,271,383,150,37,203,174,1121,"IND"
"94","Myles Turner",10,2357760,33,"C",83,243,1996-03-24,"us","R","University of Texas at Austin",8,19,60,30,1367,264,530,0.498,3,14,0.214,261,516,0.506,0.501,88,121,0.727,68,264,332,41,25,86,67,158,619,"IND"
"95","Paul George",1,17120106,13,"SF",81,220,1990-05-02,"us","5","California State University, Fresno",1,25,81,81,2819,605,1449,0.418,210,566,0.371,395,883,0.447,0.49,454,528,0.86,79,484,563,329,152,29,265,230,1874,"IND"
"96","Rakeem Christmas",12,1e+06,25,"PF",81,250,1991-12-01,"us","R","Syracuse University",16,24,1,0,6,2,2,1,0,0,NA,2,2,1,1,0,0,NA,1,0,1,0,0,0,0,1,4,"IND"
"97","Rodney Stuckey",4,6500000,2,"PG",77,210,1986-04-21,"us","8","Eastern Washington University",9,29,58,1,1275,183,443,0.413,20,83,0.241,163,360,0.453,0.436,131,158,0.829,19,137,156,142,43,8,76,77,517,"IND"
"98","Shayne Whittington",14,845059,42,"PF",83,250,1991-03-27,"us","1","Western Michigan University",15,24,7,0,41,5,11,0.455,0,2,0,5,9,0.556,0.455,1,2,0.5,5,7,12,3,1,1,5,7,11,"IND"
"99","Solomon Hill",11,1358880,44,"SF",79,225,1991-03-18,"us","2","University of Arizona",10,24,59,3,866,93,208,0.447,24,74,0.324,69,134,0.515,0.505,36,42,0.857,39,127,166,57,37,11,33,68,246,"IND"
"100","Andre Drummond",7,3272091,0,"C",83,279,1993-08-10,"us","3","University of Connecticut",3,22,81,81,2666,552,1060,0.521,2,6,0.333,550,1054,0.522,0.522,208,586,0.355,395,803,1198,67,119,112,155,245,1314,"DET"
"101","Anthony Tolliver",8,3e+06,43,"PF",80,240,1985-06-01,"us","7","Creighton University",7,30,72,5,1341,128,332,0.386,98,272,0.36,30,60,0.5,0.533,29,47,0.617,39,190,229,52,26,16,28,86,383,"DET"
"102","Aron Baynes",3,6500000,12,"C",82,260,1986-12-09,"nz","3","Washington State University",8,29,81,1,1233,194,384,0.505,0,2,0,194,382,0.508,0.505,126,165,0.764,140,244,384,51,21,52,67,151,514,"DET"
"103","Darrun Hilliard",17,525093,6,"SG",78,205,1993-04-13,"us","R","Villanova University",13,22,38,2,383,52,131,0.397,19,50,0.38,33,81,0.407,0.469,29,40,0.725,5,40,45,27,9,1,19,28,152,"DET"
"104","Jodie Meeks",4,6270000,20,"SG",76,210,1987-08-21,"us","6","University of Kentucky",16,28,3,0,43,7,20,0.35,4,9,0.444,3,11,0.273,0.45,4,4,1,1,4,5,3,0,0,1,2,22,"DET"
"105","Joel Anthony",11,2500000,50,"C",81,245,1982-08-09,"ca","8","University of Nevada, Las Vegas",15,33,19,0,96,6,10,0.6,0,0,NA,6,10,0.6,0.6,6,8,0.75,8,13,21,1,2,12,2,15,18,"DET"
"106","Justin Harper",20,99418,32,"PF",82,225,1989-08-30,"us","1","University of Richmond",17,26,5,0,35,4,10,0.4,4,9,0.444,0,1,0,0.6,1,2,0.5,0,1,1,0,1,0,2,3,13,"DET"
"107","Kentavious Caldwell-Pope",9,2891760,5,"SG",77,205,1993-02-18,"us","2","University of Georgia",2,22,76,76,2789,403,960,0.42,114,369,0.309,289,591,0.489,0.479,185,228,0.811,70,212,282,138,110,17,105,167,1105,"DET"
"108","Marcus Morris",6,5e+06,13,"SF",81,235,1989-09-02,"us","4","University of Kansas",1,26,80,80,2856,410,945,0.434,108,298,0.362,302,647,0.467,0.491,203,271,0.749,91,313,404,201,67,23,140,170,1131,"DET"
"109","Reggie Bullock",15,1252440,25,"SF",79,205,1991-03-16,"us","2","University of North Carolina",11,24,37,0,429,43,98,0.439,22,53,0.415,21,45,0.467,0.551,14,15,0.933,14,54,68,27,10,2,8,29,122,"DET"
"110","Reggie Jackson",2,1.4e+07,1,"PG",75,208,1990-04-16,"it","4","Boston College",4,25,79,79,2424,540,1244,0.434,118,334,0.353,422,910,0.464,0.482,291,337,0.864,58,195,253,492,59,11,223,187,1489,"DET"
"111","Spencer Dinwiddie",16,845059,8,"PG",78,200,1993-04-06,"us","1","University of Colorado",14,22,12,0,159,19,54,0.352,1,10,0.1,18,44,0.409,0.361,19,33,0.576,4,13,17,22,3,0,7,20,58,"DET"
"112","Stanley Johnson",10,2841960,3,"SF",79,245,1996-05-29,"us","R","University of Arizona",5,19,73,6,1687,225,600,0.375,63,205,0.307,162,395,0.41,0.428,80,102,0.784,58,248,306,118,55,12,114,178,593,"DET"
"113","Steve Blake",13,2170465,22,"PG",75,172,1980-02-26,"us","12","University of Maryland",9,35,58,2,986,93,240,0.388,52,151,0.344,41,89,0.461,0.496,16,20,0.8,9,80,89,200,24,5,81,70,254,"DET"
"114","Tobias Harris",1,1.6e+07,34,"PF",81,235,1992-07-15,"us","4","University of Tennessee",10,23,27,25,903,166,348,0.477,33,88,0.375,133,260,0.512,0.524,82,90,0.911,25,143,168,70,18,12,30,62,447,"DET"
"115","Aaron Brooks",9,2e+06,0,"PG",72,161,1985-01-14,"us","7","University of Oregon",9,31,69,0,1108,188,469,0.401,66,185,0.357,122,284,0.43,0.471,49,64,0.766,21,80,101,180,30,10,82,132,491,"CHI"
"116","Bobby Portis",11,1391160,5,"PF",83,230,1995-02-10,"us","R","University of Arkansas",10,20,62,4,1102,186,436,0.427,16,52,0.308,170,384,0.443,0.445,48,66,0.727,123,214,337,52,25,22,54,100,436,"CHI"
"117","Cameron Bairstow",14,845059,41,"C",81,250,1990-12-07,"au","1","University of New Mexico",16,25,18,2,103,13,40,0.325,1,5,0.2,12,35,0.343,0.338,7,8,0.875,4,24,28,6,2,3,4,19,34,"CHI"
"118","Cristiano Felicio",15,525090,6,"C",82,275,1992-07-07,"br","R","",15,23,31,4,321,40,72,0.556,0,4,0,40,68,0.588,0.556,25,35,0.714,30,72,102,26,6,13,13,31,105,"CHI"
"119","Derrick Rose",1,20093063,1,"PG",75,190,1988-10-04,"us","6","University of Memphis",3,27,66,66,2097,447,1048,0.427,44,150,0.293,403,898,0.449,0.448,142,179,0.793,46,179,225,311,44,14,175,84,1080,"CHI"
"120","Doug McDermott",8,2380440,3,"SF",80,225,1992-01-03,"us","1","Creighton University",5,24,81,4,1861,291,644,0.452,110,259,0.425,181,385,0.47,0.537,72,84,0.857,37,158,195,59,14,6,53,127,764,"CHI"
"121","E'Twaun Moore",12,1015421,55,"SG",76,191,1989-02-28,"us","4","Purdue University",8,26,59,22,1263,187,389,0.481,47,104,0.452,140,285,0.491,0.541,22,35,0.629,19,114,133,99,37,18,53,103,443,"CHI"
"122","Jimmy Butler",2,15260000,21,"SG",79,220,1989-09-14,"us","4","Marquette University",1,26,67,67,2474,470,1035,0.454,64,205,0.312,406,830,0.489,0.485,395,475,0.832,79,279,358,321,110,43,132,124,1399,"CHI"
"123","Joakim Noah",3,13400000,13,"C",83,230,1985-02-25,"us","8","University of Florida",12,30,29,2,635,51,133,0.383,0,1,0,51,132,0.386,0.383,22,45,0.489,87,168,255,110,18,29,52,77,124,"CHI"
"124","Justin Holiday",13,947300,7,"SG",78,185,1989-04-05,"us","2","University of Washington",14,26,27,4,510,64,155,0.413,26,60,0.433,38,95,0.4,0.497,22,27,0.815,8,55,63,45,19,15,26,40,176,"CHI"
"125","Mike Dunleavy",7,4500000,34,"SF",81,230,1980-09-15,"us","13","Duke University",11,35,31,30,703,77,188,0.41,39,99,0.394,38,89,0.427,0.513,29,37,0.784,8,75,83,39,14,10,26,66,222,"CHI"
"126","Nikola Mirotic",6,5543725,44,"PF",82,220,1991-02-11,"me","1","",6,24,66,38,1646,248,609,0.407,135,346,0.39,113,263,0.43,0.518,146,181,0.807,58,304,362,100,58,46,102,151,777,"CHI"
"127","Pau Gasol",5,7448760,16,"C",84,250,1980-07-06,"es","14","",2,35,72,72,2291,467,995,0.469,24,69,0.348,443,926,0.478,0.481,229,289,0.792,155,638,793,294,42,146,164,148,1187,"CHI"
"128","Taj Gibson",4,8500000,22,"PF",81,225,1985-06-24,"us","6","University of Southern California",4,30,73,55,1936,263,500,0.526,0,3,0,263,497,0.529,0.526,101,146,0.692,206,298,504,106,47,77,78,180,627,"CHI"
"129","Tony Snell",10,1535880,20,"SF",79,200,1991-11-10,"us","2","University of New Mexico",7,24,64,33,1301,126,339,0.372,56,155,0.361,70,184,0.38,0.454,30,33,0.909,19,180,199,63,16,17,52,100,338,"CHI"
"130","Alan Anderson",9,4e+06,6,"SG",78,220,1982-10-16,"us","6","Michigan State University",16,33,13,0,192,21,59,0.356,12,37,0.324,9,22,0.409,0.458,11,15,0.733,1,26,27,14,4,1,2,25,65,"WAS"
"131","Bradley Beal",5,5694674,3,"SG",77,207,1993-06-28,"us","3","University of Florida",6,22,55,35,1708,359,799,0.449,105,271,0.387,254,528,0.481,0.515,135,176,0.767,41,147,188,162,54,11,112,117,958,"WAS"
"132","Drew Gooden",10,3300000,90,"PF",82,250,1981-09-24,"us","13","University of Kansas",13,34,30,0,305,33,103,0.32,7,41,0.171,26,62,0.419,0.354,9,14,0.643,28,57,85,13,8,11,13,40,82,"WAS"
"133","Garrett Temple",14,1100602,17,"SF",78,195,1986-05-08,"us","5","Louisiana State University",5,29,80,43,1951,201,505,0.398,89,258,0.345,112,247,0.453,0.486,91,125,0.728,36,176,212,140,69,18,64,195,582,"WAS"
"134","Gary Neal",12,2100000,14,"SG",76,210,1984-10-03,"us","5","Towson University",9,31,40,2,807,151,325,0.465,41,100,0.41,110,225,0.489,0.528,47,55,0.855,11,72,83,47,20,1,29,55,390,"WAS"
"135","Jared Dudley",8,4250000,1,"PF",79,225,1985-07-10,"us","8","Boston College",4,30,81,41,2098,233,487,0.478,100,238,0.42,133,249,0.534,0.581,72,98,0.735,54,232,286,170,75,18,80,190,638,"WAS"
"136","Jarell Eddie",15,561716,8,"SF",79,218,1991-10-30,"us","R","Virginia Polytechnic Institute and State University",17,24,26,0,147,20,65,0.308,15,47,0.319,5,18,0.278,0.423,8,8,1,2,21,23,5,5,1,1,5,63,"WAS"
"137","John Wall",1,15851950,2,"PG",76,195,1990-09-06,"us","5","University of Kentucky",1,25,77,77,2784,572,1349,0.424,115,328,0.351,457,1021,0.448,0.467,272,344,0.791,42,337,379,789,145,59,318,159,1531,"WAS"
"138","Kelly Oubre",13,1920240,12,"SF",79,205,1995-12-09,"us","R","University of Kansas",11,20,63,9,671,90,211,0.427,25,79,0.316,65,132,0.492,0.486,31,49,0.633,25,108,133,13,22,7,34,100,236,"WAS"
"139","Marcin Gortat",3,11217391,13,"C",83,240,1984-02-17,"pl","8","",3,31,75,74,2256,433,764,0.567,0,1,0,433,763,0.567,0.567,146,207,0.705,222,519,741,106,47,96,121,193,1012,"WAS"
"140","Markieff Morris",4,8e+06,5,"PF",82,245,1989-09-02,"us","4","University of Kansas",10,26,27,21,712,134,287,0.467,25,79,0.316,109,208,0.524,0.51,42,55,0.764,30,128,158,37,25,17,45,80,335,"WAS"
"141","Nene Hilario",2,1.3e+07,42,"PF",83,250,1982-09-13,"br","13","",8,33,57,11,1094,209,384,0.544,0,3,0,209,381,0.549,0.544,107,185,0.578,52,207,259,97,54,26,76,156,525,"WAS"
"142","Otto Porter",7,4662960,22,"SF",80,198,1993-06-03,"us","2","Georgetown University",2,22,75,73,2276,339,717,0.473,98,267,0.367,241,450,0.536,0.541,95,126,0.754,97,294,391,120,105,32,70,163,871,"WAS"
"143","Ramon Sessions",11,2170465,7,"PG",75,190,1986-04-11,"us","8","University of Nevada, Reno",7,29,82,5,1667,280,592,0.473,36,111,0.324,244,481,0.507,0.503,214,283,0.756,25,178,203,239,46,5,115,102,810,"WAS"
"144","Aaron Gordon",7,4171680,0,"PF",81,220,1995-09-16,"us","1","University of Arizona",5,20,78,37,1863,274,579,0.473,42,142,0.296,232,437,0.531,0.509,129,193,0.668,154,353,507,128,59,55,66,153,719,"ORL"
"145","Andrew Nicholson",10,2380594,44,"PF",81,250,1989-12-08,"ca","3","St. Bonaventure University",9,26,56,0,823,146,310,0.471,41,114,0.36,105,196,0.536,0.537,51,65,0.785,34,167,201,25,10,22,41,69,384,"ORL"
"146","Brandon Jennings",2,8344497,55,"PG",73,170,1989-09-23,"us","6","",14,26,25,6,452,59,161,0.366,27,78,0.346,32,83,0.386,0.45,30,40,0.75,11,39,50,100,18,5,35,33,175,"ORL"
"147","C.J. Watson",5,5e+06,32,"PG",74,175,1984-04-17,"us","8","University of Tennessee",12,31,33,2,656,47,137,0.343,14,48,0.292,33,89,0.371,0.394,34,39,0.872,10,56,66,88,19,5,25,49,142,"ORL"
"148","Devyn Marble",16,845059,11,"SG",78,200,1992-09-21,"us","1","University of Iowa",16,23,28,0,249,21,71,0.296,8,32,0.25,13,39,0.333,0.352,10,24,0.417,6,32,38,12,13,1,7,25,60,"ORL"
"149","Dewayne Dedmon",15,947278,3,"C",84,245,1989-08-12,"us","2","University of Southern California",11,26,58,20,705,99,177,0.559,0,0,NA,99,177,0.559,0.559,57,76,0.75,67,161,228,13,22,46,32,109,255,"ORL"
"150","Elfrid Payton",9,2505720,4,"PG",76,185,1994-02-22,"us","1","University of Louisiana at Lafayette",3,21,73,69,2145,318,730,0.436,30,92,0.326,288,638,0.451,0.456,112,190,0.589,77,184,261,468,89,20,177,159,778,"ORL"
"151","Ersan Ilyasova",3,7900000,7,"PF",82,235,1987-05-15,"tr","7","",15,28,22,4,447,64,153,0.418,18,44,0.409,46,109,0.422,0.477,32,45,0.711,45,76,121,12,14,6,12,51,178,"ORL"
"152","Evan Fournier",11,2288205,10,"SF",79,205,1992-10-29,"fr","3","",1,23,79,71,2566,429,929,0.462,156,390,0.4,273,539,0.506,0.546,199,238,0.836,33,192,225,213,96,2,133,214,1213,"ORL"
"153","Jason Smith",6,4300000,14,"C",84,245,1986-03-02,"us","7","Colorado State University",8,29,76,2,1181,244,503,0.485,4,16,0.25,240,487,0.493,0.489,54,67,0.806,53,166,219,62,33,65,57,163,546,"ORL"
"154","Keith Appling",18,161776,15,"PG",73,185,1992-02-13,"us","R","Michigan State University",17,23,5,0,27,2,8,0.25,0,3,0,2,5,0.4,0.25,2,2,1,0,1,1,1,1,0,3,5,6,"ORL"
"155","Mario Hezonja",8,3741480,23,"SF",80,215,1995-02-25,"hr","R","",7,20,79,9,1413,181,418,0.433,67,192,0.349,114,226,0.504,0.513,49,54,0.907,28,148,176,109,39,17,97,124,478,"ORL"
"156","Nikola Vucevic",1,11250000,9,"C",84,260,1990-10-24,"ch","4","University of Southern California",4,25,65,60,2037,533,1046,0.51,2,9,0.222,531,1037,0.512,0.511,113,150,0.753,174,402,576,179,53,70,123,173,1181,"ORL"
"157","Shabazz Napier",12,1294440,13,"PG",73,175,1991-07-14,"us","1","University of Connecticut",13,24,55,0,600,68,201,0.338,34,104,0.327,34,97,0.351,0.423,33,45,0.733,9,46,55,97,23,1,46,38,203,"ORL"
"158","Victor Oladipo",4,5192520,5,"SG",76,210,1992-05-04,"us","2","Indiana University",2,23,72,52,2379,425,970,0.438,98,282,0.348,327,688,0.475,0.489,205,247,0.83,48,297,345,282,116,54,153,174,1153,"ORL"
"159","Damien Inglis",14,855000,17,"SF",80,246,1995-05-20,"gf","R","",15,20,20,1,156,13,37,0.351,3,13,0.231,10,24,0.417,0.392,7,8,0.875,2,29,31,10,6,3,11,11,36,"MIL"
"160","Giannis Antetokounmpo",10,1953960,34,"PG",83,222,1994-12-06,"gr","2","",2,21,80,79,2823,513,1013,0.506,28,109,0.257,485,904,0.537,0.52,296,409,0.724,113,499,612,345,94,113,208,258,1350,"MIL"
"161","Greg Monroe",1,16400000,15,"C",83,265,1990-06-04,"us","5","Georgetown University",4,25,79,67,2314,491,941,0.522,0,1,0,491,940,0.522,0.522,228,308,0.74,218,478,696,178,72,67,129,163,1210,"MIL"
"162","Greivis Vasquez",4,6600000,21,"PG",78,217,1987-01-16,"ve","5","University of Maryland",13,29,23,0,460,45,138,0.326,18,73,0.247,27,65,0.415,0.391,22,26,0.846,5,42,47,91,10,0,40,42,130,"MIL"
"163","Jabari Parker",5,5152440,12,"PF",80,250,1995-03-15,"us","1","Duke University",3,20,76,72,2408,443,899,0.493,9,35,0.257,434,864,0.502,0.498,175,228,0.768,123,272,395,130,69,29,116,154,1070,"MIL"
"164","Jared Cunningham",17,57726,9,"SG",76,195,1991-05-22,"us","3","Oregon State University",16,24,4,0,55,4,14,0.286,2,7,0.286,2,7,0.286,0.357,6,7,0.857,0,9,9,1,2,0,3,4,16,"MIL"
"165","Jerryd Bayless",6,3e+06,19,"SG",75,200,1988-08-20,"us","7","University of Arizona",6,27,52,18,1505,185,437,0.423,101,231,0.437,84,206,0.408,0.539,70,90,0.778,21,120,141,163,47,11,73,111,541,"MIL"
"166","John Henson",7,2943221,31,"C",83,229,1990-12-28,"us","3","University of North Carolina",9,25,57,1,960,164,291,0.564,0,1,0,164,290,0.566,0.564,69,117,0.59,87,134,221,54,18,109,64,131,397,"MIL"
"167","Johnny O'Bryant",15,845059,77,"PF",81,257,1993-06-01,"us","1","Louisiana State University",11,22,66,4,857,86,209,0.411,1,1,1,85,208,0.409,0.414,27,40,0.675,65,111,176,32,18,8,31,100,200,"MIL"
"168","Khris Middleton",2,1.5e+07,22,"SG",80,234,1991-08-12,"us","3","Texas A&M University",1,24,79,79,2852,507,1142,0.444,143,361,0.396,364,781,0.466,0.507,277,312,0.888,44,258,302,331,131,19,180,204,1434,"MIL"
"169","Michael Carter-Williams",8,2399040,5,"PG",78,190,1991-10-10,"us","2","Syracuse University",5,24,54,37,1649,251,555,0.452,15,55,0.273,236,500,0.472,0.466,106,162,0.654,48,228,276,281,80,41,153,162,623,"MIL"
"170","Miles Plumlee",9,2109294,18,"C",83,249,1988-09-01,"us","3","Duke University",10,27,61,14,870,140,233,0.601,0,0,NA,140,233,0.601,0.601,34,59,0.576,94,138,232,16,21,50,40,73,314,"MIL"
"171","O.J. Mayo",3,8e+06,3,"SG",77,210,1987-11-05,"us","7","University of Southern California",7,28,41,24,1090,119,321,0.371,52,162,0.321,67,159,0.421,0.452,31,40,0.775,13,92,105,118,48,8,72,126,321,"MIL"
"172","Rashad Vaughn",12,1733040,20,"SG",78,202,1996-08-16,"us","R","University of Nevada, Las Vegas",8,19,70,6,1001,81,266,0.305,43,147,0.293,38,119,0.319,0.385,12,15,0.8,11,77,88,39,29,16,28,73,217,"MIL"
"173","Steve Novak",16,416886,6,"PF",82,225,1983-06-13,"us","9","Marquette University",17,32,3,0,20,2,6,0.333,2,6,0.333,0,0,NA,0.5,1,1,1,0,1,1,0,0,0,0,2,7,"MIL"
"174","Tyler Ennis",13,1662360,11,"PG",75,194,1994-08-24,"ca","1","Syracuse University",12,21,46,7,654,84,187,0.449,13,39,0.333,71,148,0.48,0.484,25,34,0.735,13,62,75,95,25,1,46,64,206,"MIL"
"175","Arron Afflalo",3,8e+06,4,"SG",77,210,1985-10-15,"us","8","University of California, Los Angeles",2,30,71,57,2371,354,799,0.443,91,238,0.382,263,561,0.469,0.5,110,131,0.84,23,243,266,144,25,10,82,142,909,"NYK"
"176","Carmelo Anthony",1,22875000,7,"SF",80,240,1984-05-29,"us","12","Syracuse University",1,31,72,72,2530,567,1307,0.434,105,310,0.339,462,997,0.463,0.474,334,403,0.829,98,458,556,299,62,38,176,180,1573,"NYK"
"177","Cleanthony Early",13,845059,11,"SF",80,210,1991-04-17,"us","1","Wichita State University",14,24,17,2,154,12,40,0.3,4,15,0.267,8,25,0.32,0.35,3,4,0.75,4,22,26,6,2,3,9,16,31,"NYK"
"178","Derrick Williams",5,4900000,23,"SF",80,240,1991-05-25,"us","4","University of Arizona",7,24,80,9,1435,254,565,0.45,44,150,0.293,210,415,0.506,0.488,194,256,0.758,47,249,296,75,29,9,61,69,746,"NYK"
"179","Jerian Grant",11,1572360,13,"PG",76,195,1992-10-09,"us","R","University of Notre Dame",9,23,76,6,1265,154,391,0.394,22,100,0.22,132,291,0.454,0.422,96,123,0.78,23,120,143,177,50,10,87,97,426,"NYK"
"180","Jose Calderon",4,7402812,3,"PG",75,200,1981-09-28,"es","10","",6,34,72,72,2024,209,455,0.459,84,203,0.414,125,252,0.496,0.552,42,48,0.875,22,207,229,299,63,7,87,135,544,"NYK"
"181","Kevin Seraphin",8,2800000,1,"C",81,285,1989-12-07,"gf","5","",12,26,48,0,526,84,205,0.41,0,2,0,84,203,0.414,0.41,19,23,0.826,31,95,126,47,8,36,43,67,187,"NYK"
"182","Kristaps Porzingis",6,4131720,6,"PF",87,240,1995-08-02,"lv","R","",4,20,72,72,2047,373,886,0.421,81,243,0.333,292,643,0.454,0.467,201,240,0.838,132,394,526,93,53,134,121,205,1028,"NYK"
"183","Kyle O'Quinn",7,3750000,9,"PF",82,250,1990-03-26,"us","3","Norfolk State University",11,25,65,1,764,129,271,0.476,5,22,0.227,124,249,0.498,0.485,46,60,0.767,76,174,250,72,20,49,61,107,309,"NYK"
"184","Lance Thomas",10,1650000,42,"PF",80,235,1988-04-24,"us","4","Duke University",8,27,59,5,1313,169,382,0.442,44,109,0.404,125,273,0.458,0.5,102,119,0.857,34,97,131,53,22,7,57,109,484,"NYK"
"185","Langston Galloway",14,845059,2,"PG",74,200,1991-12-09,"us","1","Saint Joseph's University",5,24,82,7,2033,231,588,0.393,77,224,0.344,154,364,0.423,0.458,86,114,0.754,43,245,288,207,77,22,61,177,625,"NYK"
"186","Lou Amundson",9,1650000,17,"PF",81,220,1982-12-07,"us","9","University of Nevada, Las Vegas",13,33,29,0,204,19,53,0.358,0,0,NA,19,53,0.358,0.358,14,27,0.519,23,26,49,12,6,7,15,44,52,"NYK"
"187","Robin Lopez",2,1.3e+07,8,"C",84,255,1988-04-01,"us","7","Stanford University",3,27,82,82,2219,357,662,0.539,0,1,0,357,661,0.54,0.539,128,161,0.795,268,334,602,114,16,129,133,182,842,"NYK"
"188","Sasha Vujacic",12,1356146,18,"SG",79,195,1984-03-08,"si","8","",10,31,61,25,908,106,277,0.383,52,143,0.364,54,134,0.403,0.477,32,39,0.821,26,123,149,84,34,5,44,83,296,"NYK"
"189","Thanasis Antetokounmpo",16,105888,43,"SF",79,205,1992-07-17,"gr","R","",15,23,2,0,6,3,4,0.75,0,1,0,3,3,1,0.75,0,0,NA,0,1,1,0,0,0,0,2,6,"NYK"
"190","Andrea Bargnani",10,1362900,9,"C",84,245,1985-10-26,"it","9","",11,30,46,0,634,127,279,0.455,3,16,0.188,124,263,0.471,0.461,47,57,0.825,28,69,97,18,4,9,26,61,304,"BRK"
"191","Bojan Bogdanovic",6,3425510,44,"SF",80,216,1989-04-18,"ba","1","",3,26,79,39,2115,324,749,0.433,129,338,0.382,195,411,0.474,0.519,110,132,0.833,36,219,255,99,29,5,115,119,887,"BRK"
"192","Brook Lopez",2,2e+07,11,"C",84,275,1988-04-01,"us","7","Stanford University",1,27,73,73,2457,591,1157,0.511,2,14,0.143,589,1143,0.515,0.512,317,403,0.787,204,369,573,147,58,124,175,215,1501,"BRK"
"193","Chris McCullough",12,1140240,1,"PF",83,200,1995-02-05,"us","R","Syracuse University",16,20,24,4,362,44,109,0.404,13,34,0.382,31,75,0.413,0.463,11,23,0.478,25,43,68,9,28,12,15,39,112,"BRK"
"194","Donald Sloan",13,1015421,15,"PG",75,205,1988-01-15,"us","4","Texas A&M University",7,28,61,33,1318,154,350,0.44,38,99,0.384,116,251,0.462,0.494,78,104,0.75,17,156,173,268,32,4,80,73,424,"BRK"
"195","Henry Sims",18,161622,14,"C",82,248,1990-03-27,"us","3","Georgetown University",17,25,14,4,263,33,77,0.429,0,0,NA,33,77,0.429,0.429,25,30,0.833,21,51,72,9,9,14,12,37,91,"BRK"
"196","Jarrett Jack",4,6300000,2,"PG",75,200,1983-10-28,"us","10","Georgia Institute of Technology",8,32,32,32,1027,140,358,0.391,31,102,0.304,109,256,0.426,0.434,100,112,0.893,9,127,136,236,34,7,94,77,411,"BRK"
"197","Markel Brown",16,845059,22,"SG",75,190,1992-01-29,"us","1","Oklahoma State University",9,24,62,6,982,127,322,0.394,38,121,0.314,89,201,0.443,0.453,71,94,0.755,23,99,122,91,38,15,54,94,363,"BRK"
"198","Rondae Hollis-Jefferson",11,1335480,24,"SF",79,220,1995-01-03,"us","R","University of Arizona",12,21,29,17,615,63,138,0.457,4,14,0.286,59,124,0.476,0.471,37,52,0.712,39,115,154,43,39,16,26,61,167,"BRK"
"199","Sergey Karasev",7,1599840,10,"SF",79,208,1993-10-26,"ru","2","",15,22,40,5,399,30,74,0.405,11,37,0.297,19,37,0.514,0.48,26,28,0.929,8,50,58,35,6,2,22,27,97,"BRK"
"200","Shane Larkin",8,1500000,0,"PG",71,175,1992-10-02,"us","2","University of Miami",5,23,78,17,1751,222,502,0.442,39,108,0.361,183,394,0.464,0.481,83,107,0.776,28,152,180,342,95,12,146,121,566,"BRK"
"201","Thaddeus Young",3,11200000,30,"PF",80,221,1988-06-21,"us","8","Georgia Institute of Technology",2,27,73,73,2407,495,963,0.514,7,30,0.233,488,933,0.523,0.518,105,163,0.644,176,484,660,135,112,37,136,182,1102,"BRK"
"202","Thomas Robinson",14,981300,41,"PF",82,237,1991-03-17,"us","3","University of Kansas",10,24,71,7,917,130,291,0.447,0,1,0,130,290,0.448,0.447,47,109,0.431,136,223,359,46,39,36,69,111,307,"BRK"
"203","Wayne Ellington",9,1500000,21,"SG",76,200,1987-10-29,"us","6","University of North Carolina",6,28,76,41,1615,218,561,0.389,96,268,0.358,122,293,0.416,0.474,54,63,0.857,20,154,174,83,48,5,45,82,586,"BRK"
"204","Willie Reed",15,947276,33,"PF",82,220,1990-05-16,"us","R","Saint Louis University",14,25,39,2,426,76,133,0.571,0,0,NA,76,133,0.571,0.571,30,55,0.545,49,73,122,10,6,30,16,47,182,"BRK"
"205","Carl Landry",3,6500000,7,"PF",81,248,1983-09-19,"us","8","Purdue University",12,32,36,12,569,139,250,0.556,6,13,0.462,133,237,0.561,0.568,67,91,0.736,49,97,146,32,12,9,22,69,351,"PHI"
"206","Christian Wood",22,305789,35,"PF",83,220,1995-09-27,"us","R","University of Nevada, Las Vegas",16,20,17,0,145,22,53,0.415,4,11,0.364,18,42,0.429,0.453,13,21,0.619,13,25,38,3,5,7,2,11,61,"PHI"
"207","Elton Brand",17,890693,42,"C",80,275,1979-03-11,"us","16","Duke University",14,36,17,1,225,31,72,0.431,0,1,0,31,71,0.437,0.431,8,9,0.889,9,54,63,18,9,8,11,32,70,"PHI"
"208","Hollis Thompson",16,947276,31,"SG",80,206,1991-04-03,"us","2","Georgetown University",1,24,77,17,2154,270,680,0.397,149,392,0.38,121,288,0.42,0.507,69,96,0.719,54,218,272,99,36,24,76,187,758,"PHI"
"209","Isaiah Canaan",15,947276,0,"SG",72,201,1991-05-21,"us","2","Murray State University",3,24,77,39,1966,260,722,0.36,176,485,0.363,84,237,0.354,0.482,150,180,0.833,20,154,174,137,56,12,91,133,846,"PHI"
"210","Ish Smith",12,1100602,1,"PG",72,175,1988-07-05,"us","5","Wake Forest University",7,27,50,50,1622,299,739,0.405,46,137,0.336,253,602,0.42,0.436,89,133,0.669,29,184,213,348,64,18,130,95,733,"PHI"
"211","Jahlil Okafor",5,4582680,8,"C",83,275,1995-12-15,"us","R","Duke University",9,20,53,48,1591,397,781,0.508,1,6,0.167,396,775,0.511,0.509,133,194,0.686,122,251,373,65,22,61,124,140,928,"PHI"
"212","Jerami Grant",19,845059,39,"SF",80,210,1994-03-12,"us","1","Syracuse University",2,21,77,52,2066,251,599,0.419,35,146,0.24,216,453,0.477,0.448,212,322,0.658,99,262,361,135,54,127,110,215,749,"PHI"
"213","Kendall Marshall",11,2144722,5,"PG",76,200,1991-08-19,"us","3","University of North Carolina",13,24,30,6,400,43,118,0.364,16,49,0.327,27,69,0.391,0.432,9,13,0.692,2,26,28,73,16,2,43,30,111,"PHI"
"214","Nerlens Noel",6,3457800,4,"C",83,228,1994-04-10,"us","1","University of Kentucky",4,21,67,62,1965,306,587,0.521,1,2,0.5,305,585,0.521,0.522,134,227,0.59,154,388,542,122,118,100,158,192,747,"PHI"
"215","Nik Stauskas",8,2869440,11,"SG",78,205,1993-10-07,"ca","1","University of Michigan",6,22,73,35,1809,210,545,0.385,106,325,0.326,104,220,0.473,0.483,91,118,0.771,23,160,183,138,44,20,94,115,617,"PHI"
"216","Richaun Holmes",13,1050000,22,"PF",82,245,1993-10-15,"us","R","Bowling Green State University",10,22,51,1,702,114,222,0.514,8,44,0.182,106,178,0.596,0.532,51,74,0.689,62,73,135,33,19,40,32,92,287,"PHI"
"217","Robert Covington",14,1e+06,33,"SF",81,215,1990-12-14,"us","2","Tennessee State University",5,25,67,49,1903,274,712,0.385,170,482,0.353,104,230,0.452,0.504,140,177,0.791,65,354,419,97,105,40,143,232,858,"PHI"
"218","Sonny Weems",9,2800000,9,"SF",78,205,1986-07-08,"us","3","University of Arkansas",18,29,7,0,78,7,21,0.333,2,9,0.222,5,12,0.417,0.381,1,2,0.5,1,11,12,2,0,0,4,7,17,"PHI"
"219","T.J. McConnell",21,525093,12,"PG",74,200,1992-03-25,"us","R","University of Arizona",8,23,81,17,1606,218,464,0.47,31,89,0.348,187,375,0.499,0.503,26,41,0.634,43,207,250,367,95,10,140,114,493,"PHI"
"220","Tony Wroten",10,2179354,1,"PG",78,205,1993-04-13,"us","3","University of Washington",17,22,8,3,144,22,65,0.338,3,17,0.176,19,48,0.396,0.362,20,37,0.541,2,19,21,20,3,0,29,11,67,"PHI"
"221","Anderson Varejao",16,458575,18,"C",82,273,1982-09-28,"br","11","",14,33,22,0,186,21,48,0.438,0,0,NA,21,48,0.438,0.438,16,29,0.552,13,37,50,15,5,5,6,35,58,"GSW"
"222","Andre Iguodala",4,11710456,9,"SF",78,215,1984-01-28,"us","11","University of Arizona",5,32,65,1,1732,176,368,0.478,54,154,0.351,122,214,0.57,0.552,51,83,0.614,52,211,263,219,73,19,79,102,457,"GSW"
"223","Andrew Bogut",3,1.2e+07,12,"C",84,260,1984-11-28,"au","10","University of Utah",7,31,70,66,1451,175,279,0.627,1,1,1,174,278,0.626,0.629,24,50,0.48,121,371,492,162,33,114,83,221,375,"GSW"
"224","Brandon Rush",12,1270964,4,"SG",78,220,1985-07-07,"us","7","University of Kansas",9,30,72,25,1055,111,260,0.427,65,157,0.414,46,103,0.447,0.552,18,28,0.643,21,160,181,57,20,23,33,57,305,"GSW"
"225","Draymond Green",2,14300000,23,"PF",79,230,1990-03-04,"us","3","Michigan State University",1,25,81,81,2808,401,819,0.49,100,258,0.388,301,561,0.537,0.551,229,329,0.696,134,635,769,598,119,113,259,240,1131,"GSW"
"226","Festus Ezeli",11,2008748,31,"C",83,255,1989-10-21,"ng","2","Vanderbilt University",11,26,46,13,770,125,228,0.548,0,0,NA,125,228,0.548,0.548,70,132,0.53,91,166,257,32,18,50,38,94,320,"GSW"
"227","Harrison Barnes",8,3873398,40,"SF",80,210,1992-05-30,"us","3","University of North Carolina",4,23,66,59,2042,295,633,0.466,82,214,0.383,213,419,0.508,0.531,102,134,0.761,77,248,325,117,41,10,57,136,774,"GSW"
"228","Ian Clark",14,947276,21,"SG",75,175,1991-03-07,"us","2","Belmont University",12,24,66,1,578,89,202,0.441,30,84,0.357,59,118,0.5,0.515,28,34,0.824,13,55,68,64,17,13,43,58,236,"GSW"
"229","James Michael McAdoo",15,845059,20,"PF",81,230,1993-01-04,"us","1","University of North Carolina",13,23,41,1,262,45,84,0.536,1,2,0.5,44,82,0.537,0.542,26,49,0.531,30,28,58,17,10,8,16,39,117,"GSW"
"230","Kevon Looney",13,1131960,36,"PF",81,220,1996-02-06,"us","R","University of California, Los Angeles",16,19,5,0,21,4,7,0.571,1,2,0.5,3,5,0.6,0.643,0,0,NA,4,6,10,0,0,0,1,2,9,"GSW"
"231","Klay Thompson",1,15500000,11,"SG",79,215,1990-02-08,"us","4","Washington State University",3,25,80,80,2666,651,1386,0.47,276,650,0.425,375,736,0.51,0.569,193,221,0.873,35,271,306,166,60,49,138,152,1771,"GSW"
"232","Leandro Barbosa",10,2500000,19,"SG",75,194,1982-11-28,"br","12","",8,33,68,0,1079,171,370,0.462,39,110,0.355,132,260,0.508,0.515,52,62,0.839,28,89,117,82,44,10,53,107,433,"GSW"
"233","Marreese Speights",9,3815000,5,"C",82,255,1987-08-04,"us","7","University of Florida",10,28,72,0,832,197,456,0.432,24,62,0.387,173,394,0.439,0.458,94,114,0.825,77,162,239,61,19,34,66,117,512,"GSW"
"234","Shaun Livingston",7,5543725,34,"PG",79,192,1985-09-11,"us","10","",6,30,78,3,1520,203,379,0.536,2,12,0.167,201,367,0.548,0.538,80,93,0.86,42,127,169,237,57,27,78,140,488,"GSW"
"235","Stephen Curry",5,11370786,30,"PG",75,190,1988-03-14,"us","6","Davidson College",2,27,79,79,2700,805,1598,0.504,402,886,0.454,403,712,0.566,0.63,363,400,0.908,68,362,430,527,169,15,262,161,2375,"GSW"
"236","Boban Marjanovic",12,1200000,40,"C",87,290,1988-08-15,"rs","R","",12,27,54,4,508,105,174,0.603,0,0,NA,105,174,0.603,0.603,87,114,0.763,73,121,194,21,12,23,29,54,297,"SAS"
"237","Boris Diaw",5,7e+06,33,"PF",80,250,1982-04-16,"fr","12","",8,33,76,4,1386,202,383,0.527,25,69,0.362,177,314,0.564,0.56,56,76,0.737,58,175,233,176,26,21,97,102,485,"SAS"
"238","Danny Green",4,1e+07,14,"SG",78,215,1987-06-22,"us","6","University of North Carolina",3,28,79,79,2062,211,561,0.376,116,349,0.332,95,212,0.448,0.48,34,46,0.739,48,255,303,141,79,64,75,141,572,"SAS"
"239","David West",11,1499000,30,"PF",81,250,1980-08-29,"us","12","Xavier University",7,35,78,19,1404,244,448,0.545,3,7,0.429,241,441,0.546,0.548,63,80,0.788,72,237,309,143,44,55,68,142,554,"SAS"
"240","Jonathon Simmons",15,525093,17,"SG",78,195,1989-09-14,"us","R","University of Houston",11,26,55,2,813,122,242,0.504,18,47,0.383,104,195,0.533,0.541,69,92,0.75,16,80,96,58,24,5,53,103,331,"SAS"
"241","Kawhi Leonard",2,16500000,2,"SF",79,230,1991-06-29,"us","4","San Diego State University",1,24,72,72,2380,551,1090,0.506,129,291,0.443,422,799,0.528,0.565,292,334,0.874,95,398,493,186,128,71,105,133,1523,"SAS"
"242","Kyle Anderson",13,1142879,1,"SF",81,230,1993-09-20,"us","1","University of California, Los Angeles",9,22,78,11,1245,138,295,0.468,12,37,0.324,126,258,0.488,0.488,62,83,0.747,25,219,244,123,60,29,59,97,350,"SAS"
"243","LaMarcus Aldridge",1,19500000,12,"PF",83,260,1985-07-19,"us","9","University of Texas at Austin",2,30,74,74,2261,536,1045,0.513,0,16,0,536,1029,0.521,0.513,259,302,0.858,176,456,632,110,38,81,99,151,1331,"SAS"
"244","Manu Ginobili",8,2814000,20,"SG",78,205,1977-07-28,"ar","13","",10,38,58,0,1134,197,435,0.453,70,179,0.391,127,256,0.496,0.533,91,112,0.813,26,120,146,177,66,11,99,99,555,"SAS"
"245","Matt Bonner",9,1499187,15,"C",82,235,1980-04-05,"us","11","University of Florida",16,35,30,2,206,29,57,0.509,15,34,0.441,14,23,0.609,0.64,3,4,0.75,3,24,27,9,6,1,3,16,76,"SAS"
"246","Patrick Mills",7,3578947,8,"PG",72,185,1988-08-11,"au","6","Saint Mary's College of California",5,27,81,3,1662,260,612,0.425,123,320,0.384,137,292,0.469,0.525,47,58,0.81,27,131,158,226,59,6,76,102,690,"SAS"
"247","Rasual Butler",10,1499187,18,"SF",79,215,1979-05-23,"us","12","La Salle University",13,36,46,0,432,49,104,0.471,15,49,0.306,34,55,0.618,0.543,11,16,0.688,3,53,56,24,13,23,8,11,124,"SAS"
"248","Tim Duncan",6,5e+06,21,"C",83,250,1976-04-25,"vi","18","Wake Forest University",6,39,61,60,1536,215,441,0.488,0,2,0,215,439,0.49,0.488,92,131,0.702,115,332,447,163,47,78,90,125,522,"SAS"
"249","Tony Parker",3,13437500,9,"PG",74,185,1982-05-17,"be","14","",4,33,72,72,1980,350,710,0.493,27,65,0.415,323,645,0.501,0.512,130,171,0.76,17,159,176,379,54,11,131,114,857,"SAS"
"250","Andre Roberson",13,1210800,21,"SG",79,210,1991-12-04,"us","2","University of Colorado",7,24,70,70,1553,136,274,0.496,32,103,0.311,104,171,0.608,0.555,33,54,0.611,79,172,251,47,53,42,35,133,337,"OKC"
"251","Anthony Morrow",8,3344000,2,"SG",77,210,1985-09-27,"us","7","Georgia Institute of Technology",9,30,68,6,926,136,333,0.408,79,204,0.387,57,129,0.442,0.527,29,39,0.744,10,52,62,24,22,5,17,64,380,"OKC"
"252","Cameron Payne",11,2021520,22,"PG",75,185,1994-08-08,"us","R","Murray State University",11,21,57,1,698,114,278,0.41,36,111,0.324,78,167,0.467,0.475,19,24,0.792,9,76,85,108,36,6,44,80,283,"OKC"
"253","Dion Waiters",5,5138430,3,"SG",76,225,1991-12-10,"us","3","Syracuse University",4,24,78,15,2152,282,706,0.399,86,240,0.358,196,466,0.421,0.46,112,157,0.713,36,166,202,154,81,15,120,143,762,"OKC"
"254","Enes Kanter",3,16400000,11,"C",83,245,1992-05-20,"ch","4","",6,23,82,1,1721,414,719,0.576,10,21,0.476,404,698,0.579,0.583,200,251,0.797,249,415,664,33,26,33,115,166,1038,"OKC"
"255","Josh Huestis",14,1140240,34,"PF",79,230,1991-12-19,"us","R","Stanford University",15,24,5,0,55,5,12,0.417,4,6,0.667,1,6,0.167,0.583,0,4,0,2,8,10,0,1,2,3,3,14,"OKC"
"256","Kevin Durant",1,20158622,35,"SF",81,240,1988-09-29,"us","8","University of Texas at Austin",2,27,72,72,2578,698,1381,0.505,186,481,0.387,512,900,0.569,0.573,447,498,0.898,45,544,589,361,69,85,250,137,2029,"OKC"
"257","Kyle Singler",6,5e+06,5,"SF",80,228,1988-05-04,"us","3","Duke University",8,27,68,2,977,86,221,0.389,30,97,0.309,56,124,0.452,0.457,29,44,0.659,50,91,141,24,30,9,32,120,231,"OKC"
"258","Mitch McGary",12,1463040,33,"PF",82,255,1992-06-06,"us","1","University of Michigan",14,23,20,0,72,11,23,0.478,0,4,0,11,19,0.579,0.478,4,10,0.4,4,14,18,3,1,2,7,10,26,"OKC"
"259","Nazr Mohammed",15,352750,13,"C",82,221,1977-09-05,"us","17","University of Kentucky",17,38,5,0,19,3,5,0.6,0,0,NA,3,5,0.6,0.6,2,2,1,1,3,4,0,0,0,3,4,8,"OKC"
"260","Nick Collison",7,3750000,4,"PF",82,255,1980-10-26,"us","11","University of Kansas",10,35,59,4,699,50,109,0.459,0,2,0,50,107,0.467,0.459,23,33,0.697,68,103,171,52,15,16,50,107,123,"OKC"
"261","Randy Foye",9,3270000,6,"SG",76,213,1983-09-24,"us","9","Villanova University",12,32,27,1,572,52,149,0.349,25,81,0.309,27,68,0.397,0.433,22,27,0.815,8,43,51,49,13,13,28,48,151,"OKC"
"262","Russell Westbrook",2,16744218,0,"PG",75,200,1988-11-12,"us","7","University of California, Los Angeles",1,27,80,80,2750,656,1444,0.454,101,341,0.296,555,1103,0.503,0.489,465,573,0.812,145,481,626,834,163,20,342,200,1878,"OKC"
"263","Serge Ibaka",4,12350000,9,"PF",82,235,1989-09-18,"cg","6","",3,26,78,78,2500,416,869,0.479,60,184,0.326,356,685,0.52,0.513,91,121,0.752,141,392,533,66,38,148,108,211,983,"OKC"
"264","Steven Adams",10,2279040,12,"C",84,255,1993-07-20,"nz","2","University of Pittsburgh",5,22,80,80,2014,261,426,0.613,0,0,NA,261,426,0.613,0.613,114,196,0.582,219,314,533,62,42,89,84,223,636,"OKC"
"265","Austin Rivers",8,3100000,25,"SG",76,200,1992-08-01,"us","3","Duke University",6,23,67,7,1464,226,516,0.438,62,185,0.335,164,331,0.495,0.498,79,116,0.681,22,108,130,99,48,9,61,137,593,"LAC"
"266","Blake Griffin",3,18907725,32,"PF",82,251,1989-03-16,"us","5","University of Oklahoma",9,26,35,35,1170,301,603,0.499,6,18,0.333,295,585,0.504,0.504,141,194,0.727,51,243,294,170,28,17,83,95,749,"LAC"
"267","Branden Dawson",15,525093,22,"PF",78,225,1993-02-01,"us","R","Michigan State University",17,22,6,0,29,2,5,0.4,0,0,NA,2,5,0.4,0.4,1,1,1,2,2,4,0,0,1,0,2,5,"LAC"
"268","Chris Paul",1,21468696,3,"PG",72,175,1985-05-06,"us","10","Wake Forest University",2,30,74,74,2420,515,1114,0.462,122,329,0.371,393,785,0.501,0.517,294,328,0.896,39,271,310,738,152,13,194,185,1446,"LAC"
"269","C.J. Wilcox",10,1159680,30,"SG",77,195,1990-12-30,"us","1","University of Washington",15,25,23,0,167,26,66,0.394,9,23,0.391,17,43,0.395,0.462,9,12,0.75,1,11,12,10,10,2,2,15,70,"LAC"
"270","Cole Aldrich",12,1100600,45,"C",83,250,1988-10-31,"us","5","University of Kansas",11,27,60,5,800,134,225,0.596,0,0,NA,134,225,0.596,0.596,60,84,0.714,86,202,288,50,47,68,64,139,328,"LAC"
"271","DeAndre Jordan",2,19500000,6,"C",83,265,1988-07-21,"us","7","Texas A&M University",1,27,77,77,2598,357,508,0.703,0,1,0,357,507,0.704,0.703,266,619,0.43,267,792,1059,90,51,177,107,207,980,"LAC"
"272","Jamal Crawford",6,5675000,11,"SG",77,200,1980-03-20,"us","15","University of Michigan",3,35,79,5,2126,379,939,0.404,117,344,0.34,262,595,0.44,0.466,245,271,0.904,20,125,145,183,52,12,113,122,1120,"LAC"
"273","Jeff Ayres",16,317232,19,"C",81,240,1987-04-29,"us","5","Arizona State University",16,28,17,0,107,12,23,0.522,0,1,0,12,22,0.545,0.522,6,6,1,4,18,22,5,0,3,6,18,30,"LAC"
"274","Jeff Green",4,9200000,8,"SF",81,235,1986-08-28,"us","7","Georgetown University",12,29,27,10,709,114,267,0.427,25,77,0.325,89,190,0.468,0.474,40,65,0.615,19,72,91,40,18,21,24,62,293,"LAC"
"275","J.J. Redick",5,6867000,4,"SG",76,190,1984-06-24,"us","9","Duke University",4,31,75,75,2097,422,880,0.48,200,421,0.475,222,459,0.484,0.593,182,205,0.888,10,129,139,106,42,5,78,135,1226,"LAC"
"276","Luc Mbah a Moute",9,1270964,12,"PF",80,230,1986-09-09,"cm","7","University of California, Los Angeles",7,29,75,61,1274,94,207,0.454,13,40,0.325,81,167,0.485,0.486,30,57,0.526,60,111,171,30,44,19,34,100,231,"LAC"
"277","Pablo Prigioni",13,981348,9,"PG",75,185,1977-05-17,"ar","3","",10,38,59,3,823,55,147,0.374,28,95,0.295,27,52,0.519,0.469,7,8,0.875,38,76,114,130,53,1,49,82,145,"LAC"
"278","Paul Pierce",7,3400000,34,"SF",79,235,1977-10-13,"us","17","University of Kansas",8,38,68,38,1231,144,397,0.363,75,242,0.31,69,155,0.445,0.457,54,66,0.818,12,174,186,71,33,17,58,129,417,"LAC"
"279","Wesley Johnson",11,1100600,33,"SF",79,215,1987-07-11,"us","5","Syracuse University",5,28,80,9,1666,208,515,0.404,103,309,0.333,105,206,0.51,0.504,30,46,0.652,37,211,248,49,89,56,54,173,549,"LAC"
"280","Al-Farouq Aminu",2,7500000,8,"SF",81,220,1990-09-21,"us","5","Wake Forest University",3,25,82,82,2341,299,719,0.416,126,349,0.361,173,370,0.468,0.503,115,156,0.737,98,401,499,138,72,53,120,171,839,"POR"
"281","Allen Crabbe",14,947276,23,"SG",78,210,1992-04-09,"us","2","University of California",4,23,81,8,2105,311,678,0.459,112,285,0.393,199,393,0.506,0.541,98,113,0.867,27,189,216,99,63,16,64,192,832,"POR"
"282","Brian Roberts",9,2854940,2,"PG",73,173,1985-12-03,"us","3","University of Dayton",13,30,21,0,137,23,50,0.46,6,15,0.4,17,35,0.486,0.52,8,10,0.8,2,10,12,16,3,1,7,12,60,"POR"
"283","Chris Kaman",5,5e+06,35,"C",84,265,1982-04-28,"us","12","Central Michigan University",14,33,16,2,112,20,43,0.465,1,4,0.25,19,39,0.487,0.477,3,3,1,7,17,24,11,1,1,8,15,44,"POR"
"284","C.J. McCollum",12,2525160,3,"SG",76,200,1991-09-19,"us","2","Lehigh University",1,24,80,80,2780,641,1431,0.448,197,472,0.417,444,959,0.463,0.517,187,226,0.827,47,212,259,341,97,23,196,187,1666,"POR"
"285","Cliff Alexander",18,525093,34,"PF",80,245,1995-11-16,"us","R","University of Kansas",16,20,8,0,36,5,10,0.5,0,0,NA,5,10,0.5,0.5,0,0,NA,2,4,6,0,1,2,1,1,10,"POR"
"286","Damian Lillard",6,4236287,0,"PG",75,195,1990-07-15,"us","3","Weber State University",2,25,75,75,2676,618,1474,0.419,229,610,0.375,389,864,0.45,0.497,414,464,0.892,45,257,302,512,65,28,242,165,1879,"POR"
"287","Ed Davis",3,7e+06,17,"PF",82,240,1989-06-05,"us","5","University of North Carolina",6,26,81,0,1684,206,337,0.611,0,0,NA,206,337,0.611,0.611,114,204,0.559,224,375,599,88,57,72,64,202,526,"POR"
"288","Gerald Henderson",4,6e+06,9,"SG",77,215,1987-12-09,"us","6","Duke University",8,28,72,0,1431,232,529,0.439,48,136,0.353,184,393,0.468,0.484,112,146,0.767,30,181,211,75,39,19,68,87,624,"POR"
"289","Luis Montero",16,525093,44,"SG",79,185,1993-04-06,"do","R","Westchester CC",15,22,12,0,42,5,19,0.263,1,9,0.111,4,10,0.4,0.289,3,4,0.75,0,4,4,1,0,0,4,1,14,"POR"
"290","Mason Plumlee",13,1415520,24,"C",83,245,1990-03-05,"us","2","Duke University",5,25,82,82,2084,267,517,0.516,0,4,0,267,513,0.52,0.516,215,335,0.642,201,427,628,226,68,85,154,253,749,"POR"
"291","Maurice Harkless",8,2894059,4,"SF",81,215,1993-05-11,"us","3","St. John's University",7,22,78,14,1457,195,411,0.474,39,140,0.279,156,271,0.576,0.522,69,111,0.622,101,179,280,67,49,35,62,124,498,"POR"
"292","Meyers Leonard",7,3075880,11,"PF",85,245,1992-02-27,"us","3","University of Illinois at Urbana-Champaign",9,23,61,10,1333,195,435,0.448,86,228,0.377,109,207,0.527,0.547,35,46,0.761,51,263,314,92,8,18,77,183,511,"POR"
"293","Noah Vonleh",11,2637720,21,"PF",82,240,1995-08-24,"us","1","Indiana University",10,20,78,56,1174,117,278,0.421,11,46,0.239,106,232,0.457,0.441,38,51,0.745,91,214,305,30,27,26,50,152,283,"POR"
"294","Pat Connaughton",17,525093,5,"SG",77,206,1993-01-06,"us","R","University of Notre Dame",12,23,34,0,143,13,49,0.265,5,21,0.238,8,28,0.286,0.316,5,5,1,11,21,32,10,2,0,10,6,36,"POR"
"295","Chandler Parsons",2,15361500,25,"SF",82,230,1988-10-25,"us","4","University of Florida",6,27,61,51,1799,320,651,0.492,104,251,0.414,216,400,0.54,0.571,93,136,0.684,29,256,285,169,46,21,95,114,837,"DAL"
"296","Charlie Villanueva",10,1499187,3,"PF",83,232,1984-08-24,"us","10","University of Connecticut",10,31,62,4,665,125,327,0.382,47,172,0.273,78,155,0.503,0.454,22,24,0.917,24,128,152,24,18,15,31,71,319,"DAL"
"297","Deron Williams",4,5500000,8,"PG",75,200,1984-06-26,"us","10","University of Illinois at Urbana-Champaign",4,31,65,63,2106,321,775,0.414,97,282,0.344,224,493,0.454,0.477,179,206,0.869,19,171,190,378,61,14,150,155,918,"DAL"
"298","Devin Harris",6,4053000,34,"PG",75,192,1983-02-27,"us","11","University of Wisconsin",8,32,64,0,1280,167,374,0.447,52,158,0.329,115,216,0.532,0.516,101,140,0.721,18,120,138,118,60,13,66,124,487,"DAL"
"299","Dirk Nowitzki",3,8333334,41,"PF",84,245,1978-06-19,"de","17","",2,37,75,75,2364,498,1112,0.448,126,342,0.368,372,770,0.483,0.504,250,280,0.893,52,437,489,132,52,52,84,161,1372,"DAL"
"300","Dwight Powell",15,845059,7,"PF",83,240,1991-07-20,"ca","1","Stanford University",9,24,69,2,992,146,296,0.493,2,16,0.125,144,280,0.514,0.497,105,142,0.739,84,189,273,44,36,24,40,118,399,"DAL"
"301","JaVale McGee",13,1270964,11,"C",84,270,1988-01-19,"us","7","University of Nevada, Reno",14,28,34,2,370,77,134,0.575,0,1,0,77,133,0.579,0.575,18,36,0.5,53,80,133,3,5,26,21,49,172,"DAL"
"302","Jeremy Evans",14,1100602,21,"SF",81,200,1987-10-24,"us","5","Western Kentucky University",15,28,30,2,251,26,48,0.542,4,16,0.25,22,32,0.688,0.583,15,21,0.714,11,43,54,2,6,9,7,19,71,"DAL"
"303","J.J. Barea",7,4e+06,5,"PG",72,185,1984-06-26,"pr","9","Northeastern University",7,31,74,16,1667,317,711,0.446,100,260,0.385,217,451,0.481,0.516,74,96,0.771,26,126,152,302,26,2,113,110,808,"DAL"
"304","Justin Anderson",12,1449000,1,"SF",78,228,1993-11-19,"us","R","University of Virginia",11,22,55,9,647,71,175,0.406,22,83,0.265,49,92,0.533,0.469,44,55,0.8,18,114,132,29,19,25,24,45,208,"DAL"
"305","Raymond Felton",8,3950313,2,"PG",73,205,1984-06-26,"us","10","University of North Carolina",3,31,80,31,2192,277,682,0.406,60,213,0.282,217,469,0.463,0.45,149,176,0.847,36,222,258,284,68,15,121,141,763,"DAL"
"306","Salah Mejri",17,525093,50,"C",85,245,1986-06-15,"tn","R","",13,29,34,6,397,49,78,0.628,0,1,0,49,77,0.636,0.628,27,46,0.587,41,82,123,10,8,36,23,54,125,"DAL"
"307","Wesley Matthews",1,16400000,23,"SG",77,220,1986-10-14,"us","6","Marquette University",1,29,78,78,2644,331,854,0.388,189,525,0.36,142,329,0.432,0.498,126,146,0.863,27,211,238,151,78,17,78,179,977,"DAL"
"308","Zaza Pachulia",5,5200000,27,"C",83,270,1984-02-10,"ge","12","",5,31,76,69,2004,219,470,0.466,0,3,0,219,467,0.469,0.466,212,276,0.768,249,469,718,128,64,22,119,181,650,"DAL"
"309","Brandan Wright",5,5500000,34,"PF",82,210,1987-10-05,"us","7","University of North Carolina",19,28,12,2,212,35,52,0.673,0,0,NA,35,52,0.673,0.673,13,24,0.542,14,29,43,6,5,15,10,21,83,"MEM"
"310","Chris Andersen",7,5e+06,7,"C",82,245,1978-07-07,"us","13","Blinn College",15,37,20,14,366,34,62,0.548,2,9,0.222,32,53,0.604,0.565,22,32,0.688,33,56,89,9,14,10,7,25,92,"MEM"
"311","Elliot Williams",22,55722,25,"PG",77,190,1989-06-20,"us","3","University of Memphis",24,26,5,0,45,2,10,0.2,1,4,0.25,1,6,0.167,0.25,3,4,0.75,1,3,4,4,0,0,1,2,8,"MEM"
"312","JaMychal Green",15,845059,0,"PF",81,227,1990-06-21,"us","1","University of Alabama",8,25,78,15,1446,230,495,0.465,15,45,0.333,215,450,0.478,0.48,103,137,0.752,139,234,373,67,46,33,83,189,578,"MEM"
"313","Jarell Martin",12,1230840,10,"PF",82,239,1994-05-24,"us","R","Louisiana State University",13,21,27,0,380,54,116,0.466,0,2,0,54,114,0.474,0.466,45,62,0.726,39,47,86,15,8,7,19,58,153,"MEM"
"314","Jordan Adams",11,1404600,3,"SG",77,209,1994-07-08,"us","1","University of California, Los Angeles",26,21,2,0,15,2,6,0.333,0,1,0,2,5,0.4,0.333,3,5,0.6,0,2,2,3,3,0,2,2,7,"MEM"
"315","Jordan Farmar",18,191456,4,"PG",74,180,1986-11-30,"us","8","University of California, Los Angeles",16,29,12,10,291,42,100,0.42,16,45,0.356,26,55,0.473,0.5,10,10,1,4,21,25,37,15,2,18,22,110,"MEM"
"316","Lance Stephenson",4,9e+06,1,"SF",77,230,1990-09-05,"us","5","University of Cincinnati",11,25,26,3,692,146,308,0.474,11,31,0.355,135,277,0.487,0.492,66,81,0.815,21,94,115,73,19,6,46,56,369,"MEM"
"317","Marc Gasol",1,19700000,33,"C",85,255,1985-01-29,"es","7","",3,31,52,52,1791,328,707,0.464,2,3,0.667,326,704,0.463,0.465,203,245,0.829,58,304,362,196,50,70,118,141,861,"MEM"
"318","Mario Chalmers",8,4300000,6,"PG",74,190,1986-05-19,"us","7","University of Kansas",9,29,55,7,1253,172,412,0.417,45,138,0.326,127,274,0.464,0.472,206,249,0.827,23,120,143,211,80,12,101,165,595,"MEM"
"319","Matt Barnes",10,3542500,22,"SF",79,226,1980-03-09,"us","12","University of California, Los Angeles",1,35,76,45,2190,264,693,0.381,119,370,0.322,145,323,0.449,0.467,111,138,0.804,84,336,420,163,78,57,121,234,758,"MEM"
"320","Mike Conley",3,9588426,11,"PG",73,175,1987-10-11,"us","8","Ohio State University",4,28,56,56,1761,294,696,0.422,78,215,0.363,216,481,0.449,0.478,191,229,0.834,26,138,164,342,67,16,84,100,857,"MEM"
"321","P.J. Hairston",13,1201440,19,"SF",78,230,1992-12-24,"us","1","University of North Carolina",14,23,18,9,375,46,132,0.348,16,69,0.232,30,63,0.476,0.409,16,22,0.727,7,39,46,9,8,4,17,31,124,"MEM"
"322","Russ Smith",16,816482,2,"PG",72,165,1991-04-19,"us","1","University of Louisville",22,24,15,0,66,7,22,0.318,1,5,0.2,6,17,0.353,0.341,8,13,0.615,1,8,9,11,5,1,7,5,23,"MEM"
"323","Tony Allen",6,5168539,9,"SG",76,213,1982-01-11,"us","11","Oklahoma State University",5,34,64,57,1620,215,469,0.458,15,42,0.357,200,427,0.468,0.474,90,138,0.652,104,192,296,70,110,18,78,175,535,"MEM"
"324","Vince Carter",9,4088091,15,"SG",78,220,1977-01-26,"us","17","University of North Carolina",10,39,60,3,1005,133,343,0.388,59,169,0.349,74,174,0.425,0.474,70,84,0.833,31,115,146,56,38,16,35,101,395,"MEM"
"325","Xavier Munford",20,89588,14,"SG",74,180,1992-06-01,"us","R","University of Rhode Island",17,23,14,0,244,32,77,0.416,9,23,0.391,23,54,0.426,0.474,7,14,0.5,3,28,31,22,13,3,15,25,80,"MEM"
"326","Zach Randolph",2,9638555,50,"PF",81,260,1981-07-16,"us","14","Michigan State University",2,34,68,53,2016,431,907,0.475,6,26,0.231,425,881,0.482,0.479,172,216,0.796,179,350,529,142,43,13,105,146,1040,"MEM"
"327","Andrew Goudelock",17,200600,0,"PG",75,200,1988-12-07,"us","2","College of Charleston",16,27,8,0,50,9,20,0.45,1,9,0.111,8,11,0.727,0.475,3,4,0.75,1,1,2,4,6,2,7,4,22,"HOU"
"328","Chuck Hayes",18,83583,44,"C",78,240,1983-06-11,"us","10","University of Kentucky",17,32,2,0,24,1,2,0.5,0,0,NA,1,2,0.5,0.5,2,2,1,0,8,8,2,0,0,3,6,4,"HOU"
"329","Clint Capela",13,1242720,15,"C",82,240,1994-05-18,"ch","1","",6,21,77,35,1471,231,397,0.582,0,1,0,231,396,0.583,0.582,80,211,0.379,194,300,494,47,59,92,60,190,542,"HOU"
"330","Corey Brewer",4,8200000,33,"SF",81,186,1986-03-05,"us","8","University of Florida",5,29,82,12,1669,212,552,0.384,61,224,0.272,151,328,0.46,0.439,105,140,0.75,42,157,199,109,84,19,78,168,590,"HOU"
"331","Donatas Motiejunas",9,2288205,20,"PF",84,222,1990-09-20,"lt","3","",11,25,37,22,547,90,205,0.439,16,57,0.281,74,148,0.5,0.478,34,53,0.642,37,72,109,41,17,5,44,69,230,"HOU"
"332","Dwight Howard",1,22359364,12,"C",83,265,1985-12-08,"us","11","",3,30,71,71,2280,372,600,0.62,0,6,0,372,594,0.626,0.62,232,474,0.489,238,597,835,98,69,113,166,219,976,"HOU"
"333","James Harden",2,15756438,13,"SG",77,220,1989-08-26,"us","6","Arizona State University",1,26,82,82,3125,710,1617,0.439,236,657,0.359,474,960,0.494,0.512,720,837,0.86,63,438,501,612,139,51,374,229,2376,"HOU"
"334","Jason Terry",11,1499187,31,"SG",74,185,1977-09-15,"us","16","University of Arizona",7,38,72,7,1258,151,376,0.402,93,261,0.356,58,115,0.504,0.525,27,33,0.818,14,65,79,103,47,9,49,91,422,"HOU"
"335","Josh Smith",12,1499000,5,"PF",81,225,1985-12-05,"us","11","",12,30,23,6,421,58,169,0.343,23,85,0.271,35,84,0.417,0.411,12,25,0.48,18,49,67,48,16,13,36,56,151,"HOU"
"336","K.J. McDaniels",7,3333333,32,"SF",78,205,1993-02-09,"us","1","Clemson University",15,22,37,1,235,29,72,0.403,7,25,0.28,22,47,0.468,0.451,24,30,0.8,16,26,42,10,7,6,17,30,89,"HOU"
"337","Michael Beasley",16,306527,8,"SF",81,235,1989-01-09,"us","7","Kansas State University",14,27,20,0,363,107,205,0.522,3,9,0.333,104,196,0.531,0.529,38,49,0.776,29,69,98,16,11,9,24,39,255,"HOU"
"338","Montrezl Harrell",15,1e+06,35,"PF",80,240,1994-01-26,"us","R","University of Louisville",13,22,39,1,379,58,90,0.644,0,1,0,58,89,0.652,0.644,24,46,0.522,25,40,65,17,11,11,17,48,140,"HOU"
"339","Patrick Beverley",6,6500000,2,"PG",73,185,1988-07-12,"us","3","University of Arkansas",4,27,71,63,2041,258,594,0.434,124,310,0.4,134,284,0.472,0.539,60,88,0.682,73,177,250,239,94,26,91,234,700,"HOU"
"340","Sam Dekker",10,1646400,7,"SF",81,230,1994-05-06,"us","R","University of Wisconsin",18,21,3,0,6,0,0,NA,0,0,NA,0,0,NA,NA,0,0,NA,0,1,1,0,1,0,0,0,0,"HOU"
"341","Terrence Jones",8,2489530,6,"PF",81,252,1992-01-09,"us","3","University of Kentucky",9,24,50,11,1044,166,367,0.452,25,79,0.316,141,288,0.49,0.486,77,116,0.664,62,149,211,41,23,39,49,86,434,"HOU"
"342","Trevor Ariza",5,8193030,1,"SF",80,215,1985-06-30,"us","11","University of California, Los Angeles",2,30,81,81,2859,357,859,0.416,185,499,0.371,172,360,0.478,0.523,126,161,0.783,67,299,366,188,160,26,113,177,1025,"HOU"
"343","Alec Burks",3,9213484,10,"SG",78,214,1991-07-20,"us","4","University of Colorado",12,24,31,3,797,137,334,0.41,32,79,0.405,105,255,0.412,0.458,106,141,0.752,16,93,109,63,18,4,51,71,412,"UTA"
"344","Chris Johnson",14,981348,23,"SF",78,206,1990-04-29,"us","3","University of Dayton",11,25,70,2,857,72,194,0.371,27,99,0.273,45,95,0.474,0.441,34,42,0.81,27,105,132,45,32,20,40,100,205,"UTA"
"345","Derrick Favors",2,11933333,15,"PF",82,265,1991-07-15,"us","5","Georgia Institute of Technology",3,24,62,59,1983,418,811,0.515,0,4,0,418,807,0.518,0.515,180,254,0.709,169,334,503,94,74,91,104,150,1016,"UTA"
"346","Elijah Millsap",17,362878,13,"SG",78,225,1987-08-12,"us","1","University of Alabama at Birmingham",14,28,20,0,173,11,39,0.282,1,12,0.083,10,27,0.37,0.295,13,18,0.722,6,29,35,19,7,3,9,33,36,"UTA"
"347","Gordon Hayward",1,15409570,20,"SF",80,226,1990-03-23,"us","5","Butler University",1,25,80,80,2893,521,1202,0.433,143,410,0.349,378,792,0.477,0.493,393,477,0.824,61,336,397,296,95,27,202,183,1578,"UTA"
"348","Jeff Withey",15,947276,24,"C",84,231,1990-03-07,"us","2","University of Kansas",13,25,51,10,658,87,162,0.537,0,2,0,87,160,0.544,0.537,43,59,0.729,56,117,173,20,21,53,28,75,217,"UTA"
"349","J.J. O'Brien",18,105888,22,"SF",79,228,1992-04-08,"us","R","San Diego State University",17,23,2,0,6,0,1,0,0,0,NA,0,1,0,0,0,0,NA,0,1,1,0,1,0,0,1,0,"UTA"
"350","Joe Ingles",9,2250000,2,"SF",80,226,1987-10-02,"au","1","",9,28,81,2,1241,124,291,0.426,81,210,0.386,43,81,0.531,0.565,13,18,0.722,19,132,151,96,55,4,65,98,342,"UTA"
"351","Raul Neto",13,1e+06,25,"PG",73,179,1992-05-19,"br","R","",6,23,81,53,1499,180,418,0.431,64,162,0.395,116,256,0.453,0.507,52,70,0.743,17,103,120,174,62,2,109,122,476,"UTA"
"352","Rodney Hood",11,1348440,5,"SG",80,206,1992-10-20,"us","1","Duke University",2,23,79,79,2541,408,972,0.42,161,449,0.359,247,523,0.472,0.503,172,200,0.86,38,229,267,213,73,16,125,202,1149,"UTA"
"353","Rudy Gobert",12,1175880,27,"C",85,245,1992-06-26,"fr","2","",4,23,61,60,1932,198,354,0.559,0,0,NA,198,354,0.559,0.559,161,283,0.569,208,460,668,91,45,135,114,163,557,"UTA"
"354","Shelvin Mack",8,2433333,8,"PG",75,203,1990-04-22,"us","4","Butler University",10,25,28,27,879,142,320,0.444,35,98,0.357,107,222,0.482,0.498,36,49,0.735,11,95,106,149,26,3,81,65,355,"UTA"
"355","Tibor Pleiss",6,3e+06,21,"C",87,256,1989-11-02,"de","R","",15,26,12,0,82,11,25,0.44,0,2,0,11,23,0.478,0.44,2,2,1,6,9,15,2,1,2,8,19,24,"UTA"
"356","Trevor Booker",4,4775000,33,"PF",80,228,1987-11-25,"us","5","Clemson University",5,28,79,2,1632,190,388,0.49,12,41,0.293,178,347,0.513,0.505,71,106,0.67,166,286,452,84,59,41,81,169,463,"UTA"
"357","Trey Burke",7,2658240,3,"PG",73,191,1992-11-12,"us","2","University of Michigan",8,23,64,0,1366,262,634,0.413,88,256,0.344,174,378,0.46,0.483,67,82,0.817,18,94,112,148,35,6,80,86,679,"UTA"
"358","Trey Lyles",10,2239800,41,"PF",82,234,1995-11-05,"ca","R","University of Kentucky",7,20,80,33,1382,191,436,0.438,49,128,0.383,142,308,0.461,0.494,57,82,0.695,59,240,299,59,26,18,65,114,488,"UTA"
"359","Ben McLemore",8,3156600,23,"SG",77,195,1993-02-11,"us","2","University of Kansas",8,22,68,53,1443,195,455,0.429,67,185,0.362,128,270,0.474,0.502,74,103,0.718,34,114,148,79,52,10,99,140,531,"SAC"
"360","Caron Butler",10,1499187,31,"SF",79,228,1980-03-13,"us","13","University of Connecticut",13,35,17,1,176,25,59,0.424,3,18,0.167,22,41,0.537,0.449,10,12,0.833,5,17,22,10,9,1,3,19,63,"SAC"
"361","Darren Collison",6,5013559,7,"PG",72,175,1987-08-23,"us","6","University of California, Los Angeles",4,28,74,15,2219,377,776,0.486,87,217,0.401,290,559,0.519,0.542,194,226,0.858,28,141,169,318,76,4,130,142,1035,"SAC"
"362","DeMarcus Cousins",1,14728844,15,"C",83,270,1990-08-13,"us","5","University of Kentucky",3,25,65,65,2246,601,1332,0.451,70,210,0.333,531,1122,0.473,0.477,476,663,0.718,158,589,747,214,101,92,249,236,1748,"SAC"
"363","Duje Dukan",16,525093,26,"SF",81,220,1991-12-04,"hr","R","University of Wisconsin",15,24,1,0,24,2,10,0.2,2,5,0.4,0,5,0,0.3,0,0,NA,2,2,4,1,1,0,0,2,6,"SAC"
"364","Eric Moreland",15,845059,25,"PF",82,238,1991-12-24,"us","1","Oregon State University",14,24,8,0,48,3,6,0.5,0,0,NA,3,6,0.5,0.5,2,4,0.5,3,8,11,1,0,4,3,4,8,"SAC"
"365","James Anderson",11,1015421,5,"SG",78,213,1989-03-25,"us","4","Oklahoma State University",11,26,51,15,721,67,178,0.376,23,86,0.267,44,92,0.478,0.441,22,29,0.759,13,73,86,41,21,14,42,54,179,"SAC"
"366","Kosta Koufos",4,7500000,41,"C",84,265,1989-02-24,"us","7","Ohio State University",7,26,78,14,1482,236,444,0.532,0,0,NA,236,444,0.532,0.532,57,104,0.548,169,254,423,33,40,70,48,185,529,"SAC"
"367","Marco Belinelli",5,6333333,3,"SG",77,210,1986-03-25,"it","8","",6,29,68,7,1672,245,635,0.386,91,297,0.306,154,338,0.456,0.457,115,138,0.833,10,107,117,127,37,2,80,91,696,"SAC"
"368","Omri Casspi",9,3e+06,18,"SF",81,225,1988-06-22,"il","6","",5,27,69,21,1880,299,622,0.481,112,274,0.409,187,348,0.537,0.571,103,159,0.648,58,352,410,95,56,17,94,154,813,"SAC"
"369","Quincy Acy",12,981348,13,"PF",79,240,1990-10-06,"us","3","Baylor University",10,25,59,29,876,119,214,0.556,19,49,0.388,100,165,0.606,0.6,50,68,0.735,65,123,188,27,29,24,27,103,307,"SAC"
"370","Rajon Rondo",3,9500000,9,"PG",73,186,1986-02-22,"us","9","University of Kentucky",1,29,72,72,2537,355,782,0.454,62,170,0.365,293,612,0.479,0.494,87,150,0.58,77,358,435,839,141,10,278,175,859,"SAC"
"371","Rudy Gay",2,12403101,8,"SF",80,230,1986-08-17,"us","9","University of Connecticut",2,29,70,70,2379,466,1007,0.463,74,215,0.344,392,792,0.495,0.5,198,254,0.78,103,353,456,120,100,51,139,184,1204,"SAC"
"372","Seth Curry",13,947276,30,"PG",74,185,1990-08-23,"us","2","Duke University",12,25,44,9,692,102,224,0.455,50,111,0.45,52,113,0.46,0.567,45,54,0.833,9,51,60,67,22,3,36,41,299,"SAC"
"373","Willie Cauley-Stein",7,3398280,0,"C",84,240,1993-08-18,"us","R","University of Kentucky",9,22,66,39,1412,191,339,0.563,0,2,0,191,337,0.567,0.563,81,125,0.648,134,218,352,37,48,66,46,146,463,"SAC"
"374","Axel Toupane",20,123552,6,"SF",79,197,1992-07-23,"fr","R","",16,23,21,0,305,25,70,0.357,13,40,0.325,12,30,0.4,0.45,13,17,0.765,8,23,31,15,7,6,6,40,76,"DEN"
"375","Danilo Gallinari",1,1.4e+07,8,"SF",82,225,1988-08-08,"it","6","",4,27,53,53,1839,287,700,0.41,87,239,0.364,200,461,0.434,0.472,375,432,0.868,52,229,281,135,42,19,77,87,1036,"DEN"
"376","Darrell Arthur",10,2814000,0,"PF",81,235,1988-03-25,"us","6","University of Kansas",7,27,70,16,1516,221,489,0.452,45,117,0.385,176,372,0.473,0.498,40,53,0.755,86,207,293,96,53,48,66,185,527,"DEN"
"377","D.J. Augustin",9,3e+06,12,"PG",72,183,1987-11-10,"us","7","University of Texas at Austin",11,28,28,0,659,102,229,0.445,44,107,0.411,58,122,0.475,0.541,77,94,0.819,3,49,52,132,25,2,54,44,325,"DEN"
"378","Emmanuel Mudiay",8,3102240,0,"PG",77,200,1996-03-05,"cd","R","",3,19,68,66,2068,329,905,0.364,74,232,0.319,255,673,0.379,0.404,140,209,0.67,32,200,232,372,65,35,217,141,872,"DEN"
"379","Gary Harris",13,1587480,14,"SG",76,210,1994-09-14,"us","1","Michigan State University",1,21,76,76,2439,359,765,0.469,105,297,0.354,254,468,0.543,0.538,109,133,0.82,54,166,220,147,97,18,98,143,932,"DEN"
"380","Jameer Nelson",5,4500000,1,"PG",72,190,1982-02-09,"us","11","Saint Joseph's University",10,33,39,15,1036,113,307,0.368,43,144,0.299,70,163,0.429,0.438,30,35,0.857,19,96,115,190,25,5,66,100,299,"DEN"
"381","Joffrey Lauvergne",12,1709720,77,"C",83,220,1991-09-30,"fr","1","",9,24,59,15,1041,195,380,0.513,13,53,0.245,182,327,0.557,0.53,62,69,0.899,77,213,290,56,13,15,54,115,465,"DEN"
"382","Jusuf Nurkic",11,1842000,23,"C",84,280,1994-08-23,"ba","1","",12,21,32,3,547,101,242,0.417,0,3,0,101,239,0.423,0.417,61,99,0.616,65,110,175,40,24,44,55,91,263,"DEN"
"383","Kenneth Faried",2,11235955,35,"PF",80,228,1989-11-19,"us","4","Morehead State University",6,26,67,64,1694,349,626,0.558,1,2,0.5,348,624,0.558,0.558,136,222,0.613,235,346,581,79,32,60,91,169,835,"DEN"
"384","Kostas Papanikolaou",18,350000,16,"SF",80,225,1990-07-31,"gr","1","",17,25,26,6,294,24,66,0.364,10,32,0.313,14,34,0.412,0.439,9,14,0.643,8,32,40,16,13,5,21,24,67,"DEN"
"385","Mike Miller",14,1499187,3,"SF",80,218,1980-02-19,"us","15","University of Florida",14,35,47,2,373,22,62,0.355,19,52,0.365,3,10,0.3,0.508,0,0,NA,6,47,53,40,13,4,17,53,63,"DEN"
"386","Nikola Jokic",15,1300000,15,"C",82,250,1995-02-19,"rs","R","",5,20,80,55,1733,307,600,0.512,28,84,0.333,279,516,0.541,0.535,154,190,0.811,181,379,560,189,79,50,104,208,796,"DEN"
"387","Will Barton",7,3333333,5,"SG",78,175,1991-01-06,"us","3","University of Memphis",2,25,82,1,2353,425,983,0.432,112,325,0.345,313,658,0.476,0.489,216,268,0.806,59,417,476,203,71,39,139,147,1178,"DEN"
"388","Alexis Ajinca",7,4300000,42,"C",86,248,1988-05-06,"fr","5","",10,27,59,17,861,150,315,0.476,0,1,0,150,314,0.478,0.476,52,62,0.839,75,194,269,31,19,36,54,134,352,"NOP"
"389","Alonzo Gee",12,1375000,15,"SF",78,225,1987-05-29,"us","6","University of Alabama",5,28,73,38,1632,132,255,0.518,17,60,0.283,115,195,0.59,0.551,44,66,0.667,60,185,245,72,63,13,55,169,325,"NOP"
"390","Anthony Davis",6,7070730,23,"PF",82,253,1993-03-11,"us","3","University of Kentucky",1,22,61,61,2164,560,1136,0.493,35,108,0.324,525,1028,0.511,0.508,326,430,0.758,130,497,627,116,78,125,121,148,1481,"NOP"
"391","Bryce Dejean-Jones",16,281659,31,"SG",78,209,1992-08-21,"us","R","Iowa State University",18,23,14,11,279,28,69,0.406,12,32,0.375,16,37,0.432,0.493,11,21,0.524,8,40,48,15,10,2,11,17,79,"NOP"
"392","Dante Cunningham",10,3e+06,44,"SF",80,230,1987-04-22,"us","6","Villanova University",3,28,80,46,1971,186,412,0.451,55,174,0.316,131,238,0.55,0.518,57,82,0.695,57,179,236,77,42,33,41,173,484,"NOP"
"393","Eric Gordon",1,15514031,10,"SG",76,215,1988-12-25,"us","7","Indiana University",6,27,45,44,1481,231,552,0.418,113,294,0.384,118,258,0.457,0.521,111,125,0.888,10,89,99,121,43,14,73,98,686,"NOP"
"394","Jordan Hamilton",18,119462,25,"SF",79,220,1990-10-06,"us","4","University of Texas at Austin",16,25,11,4,304,49,116,0.422,13,45,0.289,36,71,0.507,0.478,14,21,0.667,12,50,62,25,8,3,17,24,125,"NOP"
"395","Jrue Holiday",4,10595507,11,"PG",76,205,1990-06-12,"us","6","University of California, Los Angeles",4,25,65,23,1831,410,935,0.439,87,259,0.336,323,676,0.478,0.485,182,216,0.843,27,168,195,391,88,22,167,148,1089,"NOP"
"396","Kendrick Perkins",11,1499200,5,"C",82,270,1984-11-10,"us","12","",14,31,37,5,542,40,75,0.533,0,0,NA,40,75,0.533,0.533,11,25,0.44,25,103,128,31,11,11,41,64,91,"NOP"
"397","Luke Babbitt",14,1100000,8,"SF",81,225,1989-06-20,"us","5","University of Nevada, Reno",11,26,47,13,845,122,289,0.422,44,109,0.404,78,180,0.433,0.498,39,50,0.78,25,123,148,53,11,7,23,90,327,"NOP"
"398","Nate Robinson",22,44000,2,"PG",69,180,1984-05-31,"us","10","University of Washington",20,31,2,1,23,0,1,0,0,1,0,0,0,NA,0,0,0,NA,0,0,0,4,1,0,0,5,0,"NOP"
"399","Norris Cole",9,3036927,30,"PG",74,175,1988-10-13,"us","4","Cleveland State University",8,27,45,23,1198,196,484,0.405,33,102,0.324,163,382,0.427,0.439,52,65,0.8,10,141,151,167,37,5,75,102,477,"NOP"
"400","Omer Asik",3,1.1e+07,3,"C",84,255,1986-07-04,"tr","5","",9,29,68,64,1178,104,195,0.533,0,0,NA,104,195,0.533,0.533,61,112,0.545,120,294,414,26,21,23,60,124,269,"NOP"
"401","Ryan Anderson",5,8500000,33,"PF",82,240,1988-05-06,"us","7","University of California",2,27,66,7,2008,397,929,0.427,131,358,0.366,266,571,0.466,0.498,199,228,0.873,131,265,396,73,38,25,90,109,1124,"NOP"
"402","Toney Douglas",13,1164858,16,"PG",74,195,1986-03-16,"us","6","Florida State University",7,29,61,18,1262,183,445,0.411,81,203,0.399,102,242,0.421,0.502,84,99,0.848,25,118,143,157,70,5,64,131,531,"NOP"
"403","Tyreke Evans",2,11227000,1,"SG",78,220,1989-09-19,"us","6","University of Memphis",12,26,25,25,765,136,314,0.433,33,85,0.388,103,229,0.45,0.486,74,93,0.796,20,109,129,164,32,8,73,66,379,"NOP"
"404","Adreian Payne",11,1938840,33,"PF",82,237,1991-02-19,"us","1","Michigan State University",12,24,52,2,486,53,145,0.366,9,32,0.281,44,113,0.389,0.397,17,26,0.654,20,91,111,29,16,11,36,77,132,"MIN"
"405","Andrew Wiggins",5,5758680,22,"SF",80,199,1995-02-23,"ca","1","University of Kansas",1,20,81,81,2845,594,1294,0.459,57,190,0.3,537,1104,0.486,0.481,430,565,0.761,106,186,292,164,78,46,182,165,1675,"MIN"
"406","Damjan Rudez",16,1149500,10,"SF",82,228,1986-06-17,"hr","1","",14,29,33,0,277,25,62,0.403,17,50,0.34,8,12,0.667,0.54,8,8,1,5,15,20,11,3,1,13,33,75,"MIN"
"407","Gorgui Dieng",14,1474440,5,"C",83,241,1990-01-18,"sn","2","University of Louisville",5,26,82,39,2220,308,579,0.532,6,20,0.3,302,559,0.54,0.537,205,248,0.827,157,428,585,143,94,96,140,219,827,"MIN"
"408","Greg Smith",17,247623,4,"PF",82,250,1991-01-08,"us","4","California State University, Fresno",15,25,18,0,192,18,32,0.563,0,0,NA,18,32,0.563,0.563,7,17,0.412,12,30,42,6,4,1,7,28,43,"MIN"
"409","Karl-Anthony Towns",6,5703600,32,"C",84,244,1995-11-15,"us","R","University of Kentucky",2,20,82,82,2627,625,1153,0.542,30,88,0.341,595,1065,0.559,0.555,223,275,0.811,228,629,857,161,58,138,183,245,1503,"MIN"
"410","Kevin Garnett",3,8500000,21,"PF",83,240,1976-05-19,"us","20","",11,39,38,38,556,54,115,0.47,0,1,0,54,114,0.474,0.47,14,21,0.667,15,135,150,62,28,10,16,70,122,"MIN"
"411","Nemanja Bjelica",7,4e+06,88,"PF",82,240,1988-05-09,"rs","R","",8,27,60,0,1075,110,235,0.468,48,125,0.384,62,110,0.564,0.57,40,55,0.727,49,161,210,83,26,21,47,154,308,"MIN"
"412","Nikola Pekovic",2,12100000,14,"C",83,307,1986-01-03,"me","5","",16,30,12,3,156,19,50,0.38,0,0,NA,19,50,0.38,0.38,16,20,0.8,7,14,21,11,1,0,9,22,54,"MIN"
"413","Ricky Rubio",1,12365000,9,"PG",76,194,1990-10-21,"es","4","",3,25,76,76,2323,219,586,0.374,62,190,0.326,157,396,0.396,0.427,266,314,0.847,40,286,326,658,162,10,193,201,766,"MIN"
"414","Shabazz Muhammad",10,2056920,15,"SF",78,223,1992-11-13,"us","2","University of California, Los Angeles",6,23,82,0,1682,317,681,0.465,44,152,0.289,273,529,0.516,0.498,185,242,0.764,100,167,267,52,24,7,70,94,863,"MIN"
"415","Tayshaun Prince",13,1499187,12,"SF",81,212,1980-02-28,"us","13","University of Kentucky",7,35,77,44,1462,102,229,0.445,4,23,0.174,98,206,0.476,0.454,13,19,0.684,32,115,147,73,36,13,27,62,221,"MIN"
"416","Tyus Jones",15,1282080,1,"PG",74,195,1996-05-10,"us","R","Duke University",10,19,37,0,573,56,156,0.359,16,53,0.302,40,103,0.388,0.41,28,39,0.718,7,40,47,108,31,3,33,33,156,"MIN"
"417","Zach LaVine",9,2148360,8,"SG",77,189,1995-03-10,"us","1","University of California, Los Angeles",4,20,82,33,2294,433,959,0.452,123,316,0.389,310,643,0.482,0.516,161,203,0.793,27,201,228,251,69,17,155,193,1150,"MIN"
"418","Alan Williams",18,114285,15,"PF",80,260,1993-01-28,"us","R","University of California, Santa Barbara",19,23,10,0,68,10,24,0.417,0,0,NA,10,24,0.417,0.417,9,14,0.643,14,24,38,5,4,5,6,15,29,"PHO"
"419","Alex Len",7,3807120,21,"C",85,260,1993-06-16,"ua","2","University of Maryland",4,22,78,46,1821,264,624,0.423,1,7,0.143,263,617,0.426,0.424,174,239,0.728,178,416,594,97,38,62,145,230,703,"PHO"
"420","Archie Goodwin",12,1160160,20,"PG",77,200,1994-08-17,"us","2","University of Kentucky",9,21,57,13,1114,176,422,0.417,23,99,0.232,153,323,0.474,0.444,130,193,0.674,27,115,142,118,27,13,100,84,505,"PHO"
"421","Brandon Knight",3,1.2e+07,3,"SG",75,189,1991-12-02,"us","4","University of Kentucky",3,24,52,50,1870,371,895,0.415,120,351,0.342,251,544,0.461,0.482,156,183,0.852,36,166,202,263,61,20,177,124,1018,"PHO"
"422","Cory Jefferson",15,421449,55,"PF",81,218,1990-12-26,"us","1","Baylor University",21,25,8,0,50,9,22,0.409,0,1,0,9,21,0.429,0.409,4,6,0.667,6,10,16,0,0,1,0,8,22,"PHO"
"423","Devin Booker",8,2127840,1,"SG",78,206,1996-10-30,"us","R","University of Kentucky",2,19,76,51,2108,367,867,0.423,99,289,0.343,268,578,0.464,0.48,215,256,0.84,27,160,187,200,44,20,160,225,1048,"PHO"
"424","Eric Bledsoe",1,13086957,2,"PG",73,190,1989-12-09,"us","5","University of Kentucky",11,26,31,31,1059,223,492,0.453,48,129,0.372,175,363,0.482,0.502,138,172,0.802,18,107,125,190,63,19,110,75,632,"PHO"
"425","John Jenkins",14,981000,23,"SG",76,215,1991-03-06,"us","3","Vanderbilt University",14,24,22,2,287,42,90,0.467,13,32,0.406,29,58,0.5,0.539,12,15,0.8,4,31,35,26,5,1,16,11,109,"PHO"
"426","Jon Leuer",13,1035000,30,"PF",82,228,1989-05-14,"us","4","University of Wisconsin",7,26,67,27,1255,224,466,0.481,42,110,0.382,182,356,0.511,0.526,77,101,0.762,76,297,373,72,38,30,75,125,567,"PHO"
"427","Lorenzo Brown",20,111444,41,"PG",77,189,1990-08-26,"us","2","North Carolina State University",20,25,8,0,61,8,25,0.32,1,8,0.125,7,17,0.412,0.34,3,4,0.75,0,7,7,11,3,1,9,4,20,"PHO"
"428","Mirza Teletovic",4,5500000,35,"PF",81,242,1985-09-18,"ba","3","",5,30,79,1,1686,332,777,0.427,181,460,0.393,151,317,0.476,0.544,120,155,0.774,55,247,302,89,32,21,84,159,965,"PHO"
"429","P.J. Tucker",5,5500000,17,"SF",78,245,1985-05-05,"us","4","University of Texas at Austin",1,30,82,80,2540,239,582,0.411,68,206,0.33,171,376,0.455,0.469,106,142,0.746,165,347,512,177,106,20,111,202,652,"PHO"
"430","Ronnie Price",11,1499187,14,"PG",74,190,1983-06-21,"us","10","Utah Valley State College",8,32,62,18,1211,116,302,0.384,68,196,0.347,48,106,0.453,0.497,31,41,0.756,25,74,99,147,74,13,70,161,331,"PHO"
"431","T.J. Warren",9,2041080,12,"SF",80,230,1993-09-05,"us","1","North Carolina State University",10,22,47,4,1070,221,441,0.501,28,70,0.4,193,371,0.52,0.533,45,64,0.703,57,90,147,44,37,16,32,94,515,"PHO"
"432","Tyson Chandler",2,1.3e+07,4,"C",85,240,1982-10-02,"us","14","",6,33,66,60,1618,183,314,0.583,0,1,0,183,313,0.585,0.583,106,171,0.62,175,401,576,64,36,44,93,145,472,"PHO"
"433","Anthony Brown",14,7e+05,3,"SF",79,210,1992-10-10,"us","R","Stanford University",11,23,29,11,599,39,126,0.31,20,70,0.286,19,56,0.339,0.389,17,20,0.85,9,61,70,19,14,5,15,34,115,"LAL"
"434","Brandon Bass",7,3e+06,2,"PF",80,250,1985-04-30,"us","10","Louisiana State University",7,30,66,0,1342,174,317,0.549,0,2,0,174,315,0.552,0.549,125,148,0.845,104,181,285,74,33,55,42,125,473,"LAL"
"435","D'Angelo Russell",5,5103120,1,"PG",77,195,1996-02-23,"us","R","Ohio State University",3,19,80,48,2259,392,956,0.41,130,370,0.351,262,586,0.447,0.478,140,190,0.737,47,227,274,266,93,13,196,142,1054,"LAL"
"436","Jordan Clarkson",12,845059,6,"SG",77,194,1992-06-07,"us","1","University of Missouri",1,23,79,79,2552,475,1098,0.433,111,320,0.347,364,778,0.468,0.483,164,204,0.804,93,220,313,192,88,7,135,168,1225,"LAL"
"437","Julius Randle",6,3132240,30,"PF",81,250,1994-11-29,"us","1","University of Kentucky",2,21,81,60,2286,358,835,0.429,10,36,0.278,348,799,0.436,0.435,193,270,0.715,172,657,829,144,53,29,149,242,919,"LAL"
"438","Kobe Bryant",1,2.5e+07,24,"SF",78,212,1978-08-23,"us","19","",6,37,66,66,1863,398,1113,0.358,133,467,0.285,265,646,0.41,0.417,232,281,0.826,41,206,247,184,62,13,129,115,1161,"LAL"
"439","Larry Nance Jr.",10,1155600,7,"PF",81,230,1993-01-01,"us","R","University of Wyoming",8,23,63,22,1266,158,300,0.527,1,10,0.1,157,290,0.541,0.528,32,47,0.681,101,211,312,44,54,23,41,124,349,"LAL"
"440","Lou Williams",3,7e+06,23,"SG",73,175,1986-10-27,"us","10","",4,29,67,35,1907,283,693,0.408,110,320,0.344,173,373,0.464,0.488,352,424,0.83,31,138,169,167,62,19,107,107,1028,"LAL"
"441","Marcelo Huertas",15,525093,9,"PG",75,200,1983-05-25,"br","R","",10,32,53,0,869,97,230,0.422,16,61,0.262,81,169,0.479,0.457,27,29,0.931,18,72,90,182,26,7,80,76,237,"LAL"
"442","Metta World Peace",9,1499187,37,"SF",78,260,1979-11-13,"us","15","St. John's University",12,36,35,5,590,55,177,0.311,26,84,0.31,29,93,0.312,0.384,40,57,0.702,19,70,89,27,22,11,15,67,176,"LAL"
"443","Nick Young",4,5219169,0,"SG",79,210,1985-06-01,"us","8","University of Southern California",9,30,54,2,1033,126,372,0.339,77,237,0.325,49,135,0.363,0.442,63,76,0.829,14,83,97,34,23,7,30,50,392,"LAL"
"444","Robert Sacre",11,981348,50,"C",84,270,1989-06-06,"us","3","Gonzaga University",15,26,25,1,320,31,75,0.413,0,0,NA,31,75,0.413,0.413,25,38,0.658,32,40,72,14,4,10,12,43,87,"LAL"
"445","Roy Hibbert",2,15500000,17,"C",86,270,1986-12-11,"us","7","Georgetown University",5,29,81,81,1878,182,411,0.443,0,2,0,182,409,0.445,0.443,117,145,0.807,132,266,398,95,32,110,76,252,481,"LAL"
"446","Ryan Kelly",8,1724250,4,"PF",83,230,1991-04-09,"us","2","Duke University",14,24,36,0,470,55,149,0.369,5,37,0.135,50,112,0.446,0.386,37,54,0.685,21,100,121,20,13,10,18,39,152,"LAL"
"447","Tarik Black",13,845059,28,"C",81,250,1991-11-22,"us","1","University of Kansas",13,24,39,0,496,57,104,0.548,0,0,NA,57,104,0.548,0.548,19,45,0.422,44,113,157,16,14,18,22,78,133,"LAL"
