"points","total_rebounds","assists","steals","blocks","missed_field_goals","missed_free_throws","turnovers","games","player","position","salary","Eff"
7.53846153846154,3.57692307692308,1,0.307692307692308,0.307692307692308,3.46153846153846,0.115384615384615,0.5,26,"Channing Frye","C",7807579,7.84176782135205
0.92,1.04,0.12,0.16,0.2,0.32,0.24,0.28,25,"Sasha Kaun","C",1300000,1.96459627214612
6.25,4.43421052631579,0.434210526315789,0.289473684210526,0.75,2.05263157894737,0.355263157894737,0.934210526315789,76,"Timofey Mozgov","C",4950000,7.90520534907409
5.53658536585366,7.98780487804878,0.353658536585366,0.231707317073171,1.6219512195122,1.60975609756098,1.02439024390244,0.865853658536585,82,"Bismack Biyombo","C",3e+06,9.58728781175182
12.8,9.11666666666667,0.7,0.416666666666667,1.33333333333333,3.88333333333333,0.85,1.41666666666667,60,"Jonas Valanciunas","C",4660482,14.5447506223873
2.24137931034483,1.58620689655172,0.241379310344828,0.413793103448276,0.413793103448276,0.551724137931034,0.241379310344828,0.379310344827586,29,"Lucas Nogueira","C",1842000,3.15945907977447
5.76923076923077,4.26923076923077,0.519230769230769,0.346153846153846,0.788461538461538,1.84615384615385,0.326923076923077,0.903846153846154,52,"Amar'e Stoudemire","C",1499187,7.56935715199452
14.2465753424658,11.8493150684932,0.410958904109589,0.602739726027397,3.68493150684932,3.68493150684932,1.57534246575342,1.87671232876712,73,"Hassan Whiteside","C",981348,18.7092670590326
15.2317073170732,7.26829268292683,3.20731707317073,0.829268292682927,1.47560975609756,6.32926829268293,0.317073170731707,1.30487804878049,82,"Al Horford","C",1.2e+07,17.1688997677095
3.25,1.95,0.566666666666667,0.216666666666667,0.45,1.26666666666667,0.133333333333333,0.45,60,"Mike Muscala","C",947276,4.24965201053874
5.58333333333333,3.33333333333333,0.833333333333333,0.555555555555556,0.333333333333333,2.05555555555556,0.25,0.666666666666667,36,"Tiago Splitter","C",8500000,6.73019634434112
2.27272727272727,1.90909090909091,0.272727272727273,0.0909090909090909,0.545454545454545,0.727272727272727,0.454545454545455,0.454545454545455,11,"Walter Tavares","C",1e+06,3.7215442847434
9.95652173913044,4.07246376811594,1.52173913043478,0.753623188405797,0.478260869565217,4.39130434782609,0.463768115942029,1.07246376811594,69,"Kelly Olynyk","C",2165160,11.5046476795598
6.06666666666667,2.96666666666667,0.483333333333333,0.166666666666667,0.366666666666667,2.53333333333333,0.333333333333333,0.766666666666667,60,"Tyler Zeller","C",2616975,7.06531928148868
11.9574468085106,6.40425531914894,1.48936170212766,0.638297872340426,0.872340425531915,5.53191489361702,0.829787234042553,0.723404255319149,47,"Al Jefferson","C",13833333,13.402330866106
8.73972602739726,6.23287671232877,0.972602739726027,0.780821917808219,0.863013698630137,2.82191780821918,0.780821917808219,0.931506849315068,73,"Cody Zeller","C",4204200,10.6343880575209
7.48148148148148,4.1358024691358,1.20987654320988,0.469135802469136,0.530864197530864,3.82716049382716,0.493827160493827,0.716049382716049,81,"Frank Kaminsky","C",2612500,9.5191145467413
9.29577464788732,7.14084507042254,1.46478873239437,0.915492957746479,1.05633802816901,2.59154929577465,1.30985915492958,1.40845070422535,71,"Ian Mahinmi","C",4e+06,12.8485276529939
8.83561643835616,6.17808219178082,1.19178082191781,0.493150684931507,0.506849315068493,3.71232876712329,0.493150684931507,1.26027397260274,73,"Jordan Hill","C",4e+06,11.6997027764024
10.3166666666667,5.53333333333333,0.683333333333333,0.416666666666667,1.43333333333333,4.43333333333333,0.55,1.11666666666667,60,"Myles Turner","C",2357760,12.3436505239677
16.2222222222222,14.7901234567901,0.827160493827161,1.46913580246914,1.38271604938272,6.27160493827161,4.66666666666667,1.91358024691358,81,"Andre Drummond","C",3272091,24.5141090586551
6.34567901234568,4.74074074074074,0.62962962962963,0.259259259259259,0.641975308641975,2.34567901234568,0.481481481481481,0.827160493827161,81,"Aron Baynes","C",6500000,8.16377578180067
0.947368421052632,1.10526315789474,0.0526315789473684,0.105263157894737,0.631578947368421,0.210526315789474,0.105263157894737,0.105263157894737,19,"Joel Anthony","C",2500000,1.56158971381827
1.88888888888889,1.55555555555556,0.333333333333333,0.111111111111111,0.166666666666667,1.5,0.0555555555555556,0.222222222222222,18,"Cameron Bairstow","C",845059,3.14691670537396
3.38709677419355,3.29032258064516,0.838709677419355,0.193548387096774,0.419354838709677,1.03225806451613,0.32258064516129,0.419354838709677,31,"Cristiano Felicio","C",525090,4.74948720647102
4.27586206896552,8.79310344827586,3.79310344827586,0.620689655172414,1,2.82758620689655,0.793103448275862,1.79310344827586,29,"Joakim Noah","C",13400000,14.1487357102924
16.4861111111111,11.0138888888889,4.08333333333333,0.583333333333333,2.02777777777778,7.33333333333333,0.833333333333333,2.27777777777778,72,"Pau Gasol","C",7448760,23.0335388790637
13.4933333333333,9.88,1.41333333333333,0.626666666666667,1.28,4.41333333333333,0.813333333333333,1.61333333333333,75,"Marcin Gortat","C",11217391,16.2650064868895
4.39655172413793,3.93103448275862,0.224137931034483,0.379310344827586,0.793103448275862,1.3448275862069,0.327586206896552,0.551724137931034,58,"Dewayne Dedmon","C",947278,5.8118275751339
7.18421052631579,2.88157894736842,0.815789473684211,0.434210526315789,0.855263157894737,3.40789473684211,0.171052631578947,0.75,76,"Jason Smith","C",4300000,8.41564827096664
18.1692307692308,8.86153846153846,2.75384615384615,0.815384615384615,1.07692307692308,7.89230769230769,0.569230769230769,1.89230769230769,65,"Nikola Vucevic","C",11250000,20.8466084905351
15.3164556962025,8.81012658227848,2.25316455696203,0.911392405063291,0.848101265822785,5.69620253164557,1.0126582278481,1.63291139240506,79,"Greg Monroe","C",16400000,17.8161184197197
6.96491228070175,3.87719298245614,0.947368421052632,0.315789473684211,1.91228070175439,2.2280701754386,0.842105263157895,1.12280701754386,57,"John Henson","C",2943221,9.75817154769345
5.14754098360656,3.80327868852459,0.262295081967213,0.344262295081967,0.819672131147541,1.52459016393443,0.409836065573771,0.655737704918033,61,"Miles Plumlee","C",2109294,6.38275981862655
3.89583333333333,2.625,0.979166666666667,0.166666666666667,0.75,2.52083333333333,0.0833333333333333,0.895833333333333,48,"Kevin Seraphin","C",2800000,7.09362869059712
10.2682926829268,7.34146341463415,1.39024390243902,0.195121951219512,1.57317073170732,3.71951219512195,0.402439024390244,1.6219512195122,82,"Robin Lopez","C",1.3e+07,13.7240137568882
6.60869565217391,2.10869565217391,0.391304347826087,0.0869565217391304,0.195652173913043,3.30434782608696,0.217391304347826,0.565217391304348,46,"Andrea Bargnani","C",1362900,6.76831856599066
20.5616438356164,7.84931506849315,2.01369863013699,0.794520547945205,1.6986301369863,7.75342465753425,1.17808219178082,2.3972602739726,73,"Brook Lopez","C",2e+07,22.4795513613954
6.5,5.14285714285714,0.642857142857143,0.642857142857143,1,3.14285714285714,0.357142857142857,0.857142857142857,14,"Henry Sims","C",161622,9.45257048443856
4.11764705882353,3.70588235294118,1.05882352941176,0.529411764705882,0.470588235294118,2.41176470588235,0.0588235294117647,0.647058823529412,17,"Elton Brand","C",890693,6.90240886999575
17.5094339622642,7.0377358490566,1.22641509433962,0.415094339622642,1.15094339622642,7.24528301886792,1.15094339622642,2.33962264150943,53,"Jahlil Okafor","C",4582680,20.1563153275758
11.1492537313433,8.08955223880597,1.82089552238806,1.76119402985075,1.49253731343284,4.19402985074627,1.38805970149254,2.35820895522388,67,"Nerlens Noel","C",3457800,18.1574476597011
2.63636363636364,2.27272727272727,0.681818181818182,0.227272727272727,0.227272727272727,1.22727272727273,0.590909090909091,0.272727272727273,22,"Anderson Varejao","C",458575,4.12778832297444
5.35714285714286,7.02857142857143,2.31428571428571,0.471428571428571,1.62857142857143,1.48571428571429,0.371428571428571,1.18571428571429,70,"Andrew Bogut","C",1.2e+07,10.2864103069966
6.95652173913043,5.58695652173913,0.695652173913043,0.391304347826087,1.08695652173913,2.23913043478261,1.34782608695652,0.826086956521739,46,"Festus Ezeli","C",2008748,9.58878584245252
7.11111111111111,3.31944444444444,0.847222222222222,0.263888888888889,0.472222222222222,3.59722222222222,0.277777777777778,0.916666666666667,72,"Marreese Speights","C",3815000,8.92215796480293
5.5,3.59259259259259,0.388888888888889,0.222222222222222,0.425925925925926,1.27777777777778,0.5,0.537037037037037,54,"Boban Marjanovic","C",1200000,5.69413592234328
2.53333333333333,0.9,0.3,0.2,0.0333333333333333,0.933333333333333,0.0333333333333333,0.1,30,"Matt Bonner","C",1499187,2.14228392262425
8.55737704918033,7.32786885245902,2.67213114754098,0.770491803278688,1.27868852459016,3.70491803278689,0.639344262295082,1.47540983606557,61,"Tim Duncan","C",5e+06,13.977308070167
12.6585365853659,8.09756097560976,0.402439024390244,0.317073170731707,0.402439024390244,3.71951219512195,0.621951219512195,1.40243902439024,82,"Enes Kanter","C",16400000,13.0245513613466
1.6,0.8,0,0,0,0.4,0,0.6,5,"Nazr Mohammed","C",352750,2.35667129735191
7.95,6.6625,0.775,0.525,1.1125,2.0625,1.025,1.05,80,"Steven Adams","C",2279040,10.3852714849061
5.46666666666667,4.8,0.833333333333333,0.783333333333333,1.13333333333333,1.51666666666667,0.4,1.06666666666667,60,"Cole Aldrich","C",1100600,8.44823364078383
12.7272727272727,13.7532467532468,1.16883116883117,0.662337662337662,2.2987012987013,1.96103896103896,4.58441558441558,1.38961038961039,77,"DeAndre Jordan","C",19500000,18.5751441047262
1.76470588235294,1.29411764705882,0.294117647058824,0,0.176470588235294,0.647058823529412,0,0.352941176470588,17,"Jeff Ayres","C",317232,2.44589315266358
2.75,1.5,0.6875,0.0625,0.0625,1.4375,0,0.5,16,"Chris Kaman","C",5e+06,3.8952492423358
9.13414634146342,7.65853658536585,2.75609756097561,0.829268292682927,1.03658536585366,3.04878048780488,1.46341463414634,1.8780487804878,82,"Mason Plumlee","C",1415520,15.1872234977803
5.05882352941176,3.91176470588235,0.0882352941176471,0.147058823529412,0.764705882352941,1.67647058823529,0.529411764705882,0.617647058823529,34,"JaVale McGee","C",1270964,6.34117550842987
3.67647058823529,3.61764705882353,0.294117647058824,0.235294117647059,1.05882352941176,0.852941176470588,0.558823529411765,0.676470588235294,34,"Salah Mejri","C",525093,5.72642279814719
8.55263157894737,9.44736842105263,1.68421052631579,0.842105263157895,0.289473684210526,3.30263157894737,0.842105263157895,1.56578947368421,76,"Zaza Pachulia","C",5200000,13.8236831218726
4.6,4.45,0.45,0.7,0.5,1.4,0.5,0.35,20,"Chris Andersen","C",5e+06,5.86476841974384
16.5576923076923,6.96153846153846,3.76923076923077,0.961538461538462,1.34615384615385,7.28846153846154,0.807692307692308,2.26923076923077,52,"Marc Gasol","C",19700000,21.0867020241256
2,4,1,0,0,0.5,0,1.5,2,"Chuck Hayes","C",83583,6.30467679000122
7.03896103896104,6.41558441558442,0.61038961038961,0.766233766233766,1.19480519480519,2.15584415584416,1.7012987012987,0.779220779220779,77,"Clint Capela","C",1242720,10.2606602233704
13.7464788732394,11.7605633802817,1.38028169014085,0.971830985915493,1.59154929577465,3.2112676056338,3.40845070422535,2.33802816901408,71,"Dwight Howard","C",22359364,20.2103362721051
4.25490196078431,3.3921568627451,0.392156862745098,0.411764705882353,1.03921568627451,1.47058823529412,0.313725490196078,0.549019607843137,51,"Jeff Withey","C",947276,5.9150991965526
9.13114754098361,10.9508196721311,1.49180327868852,0.737704918032787,2.21311475409836,2.55737704918033,2,1.86885245901639,61,"Rudy Gobert","C",1175880,16.5091639781843
2,1.25,0.166666666666667,0.0833333333333333,0.166666666666667,1.16666666666667,0,0.666666666666667,12,"Tibor Pleiss","C",3e+06,3.66327015825963
26.8923076923077,11.4923076923077,3.29230769230769,1.55384615384615,1.41538461538462,11.2461538461538,2.87692307692308,3.83076923076923,65,"DeMarcus Cousins","C",14728844,33.7426892934409
6.78205128205128,5.42307692307692,0.423076923076923,0.512820512820513,0.897435897435897,2.66666666666667,0.602564102564103,0.615384615384615,78,"Kosta Koufos","C",7500000,8.58523218943346
7.01515151515152,5.33333333333333,0.560606060606061,0.727272727272727,1,2.24242424242424,0.666666666666667,0.696969696969697,66,"Willie Cauley-Stein","C",3398280,8.69236700670757
7.88135593220339,4.91525423728814,0.949152542372881,0.220338983050847,0.254237288135593,3.13559322033898,0.11864406779661,0.915254237288136,59,"Joffrey Lauvergne","C",1709720,8.99809512671116
8.21875,5.46875,1.25,0.75,1.375,4.40625,1.1875,1.71875,32,"Jusuf Nurkic","C",1842000,14.3010963292629
9.95,7,2.3625,0.9875,0.625,3.6625,0.45,1.3,80,"Nikola Jokic","C",1300000,13.0713039917488
5.96610169491525,4.55932203389831,0.525423728813559,0.322033898305085,0.610169491525424,2.79661016949153,0.169491525423729,0.915254237288136,59,"Alexis Ajinca","C",4300000,8.3500386268809
2.45945945945946,3.45945945945946,0.837837837837838,0.297297297297297,0.297297297297297,0.945945945945946,0.378378378378378,1.10810810810811,37,"Kendrick Perkins","C",1499200,6.23839607042587
3.95588235294118,6.08823529411765,0.382352941176471,0.308823529411765,0.338235294117647,1.33823529411765,0.75,0.882352941176471,68,"Omer Asik","C",1.1e+07,7.45676101694703
10.0853658536585,7.13414634146341,1.74390243902439,1.14634146341463,1.17073170731707,3.30487804878049,0.524390243902439,1.70731707317073,82,"Gorgui Dieng","C",1474440,13.9807212497424
18.3292682926829,10.4512195121951,1.96341463414634,0.707317073170732,1.68292682926829,6.4390243902439,0.634146341463415,2.23170731707317,82,"Karl-Anthony Towns","C",5703600,20.969779225831
4.5,1.75,0.916666666666667,0.0833333333333333,0,2.58333333333333,0.333333333333333,0.75,12,"Nikola Pekovic","C",12100000,6.27376299790902
9.01282051282051,7.61538461538461,1.24358974358974,0.487179487179487,0.794871794871795,4.61538461538461,0.833333333333333,1.85897435897436,78,"Alex Len","C",3807120,14.9861742842715
7.15151515151515,8.72727272727273,0.96969696969697,0.545454545454545,0.666666666666667,1.98484848484848,0.984848484848485,1.40909090909091,66,"Tyson Chandler","C",1.3e+07,11.6152753456439
3.48,2.88,0.56,0.16,0.4,1.76,0.52,0.48,25,"Robert Sacre","C",981348,5.42443926170108
5.93827160493827,4.91358024691358,1.17283950617284,0.395061728395062,1.35802469135802,2.82716049382716,0.345679012345679,0.938271604938272,81,"Roy Hibbert","C",15500000,9.47835594124924
3.41025641025641,4.02564102564103,0.41025641025641,0.358974358974359,0.461538461538462,1.20512820512821,0.666666666666667,0.564102564102564,39,"Tarik Black","C",845059,5.74788538876346
16.025974025974,9.8961038961039,2.41558441558442,0.753246753246753,0.532467532467532,7.37662337662338,0.727272727272727,1.84415584415584,77,"Kevin Love","PF",19500000,20.5161909073752
7.84146341463415,9,0.75609756097561,0.463414634146341,0.621951219512195,2.10975609756098,1.13414634146341,0.74390243902439,82,"Tristan Thompson","PF",14260870,11.1043745336711
1.47368421052632,1.21052631578947,0,0.263157894736842,0,1,0.0526315789473684,0.210526315789474,19,"Anthony Bennett","PF",947276,2.36983414808347
5.03508771929825,2.21052631578947,1.17543859649123,0.508771929824561,0.578947368421053,2.21052631578947,0.508771929824561,0.947368421052632,57,"James Johnson","PF",2500000,7.66510892535292
8.73684210526316,4.73684210526316,0.868421052631579,0.605263157894737,0.355263157894737,4.32894736842105,0.302631578947368,0.894736842105263,76,"Luis Scola","PF",3e+06,10.7284636180685
6.87341772151899,4.32911392405063,1.18987341772152,0.670886075949367,0.40506329113924,3.65822784810127,0.0632911392405063,0.822784810126582,79,"Patrick Patterson","PF",6268675,9.45858571766448
19.0566037735849,7.35849056603774,2.41509433962264,0.679245283018868,0.641509433962264,7.71698113207547,1.0377358490566,1.47169811320755,53,"Chris Bosh","PF",22192730,19.5232661326121
3.57142857142857,2.5,1.92857142857143,0.428571428571429,0.166666666666667,2.21428571428571,0.285714285714286,0.714285714285714,42,"Josh McRoberts","PF",5543725,6.82641707142738
12.3108108108108,5.98648648648649,1.89189189189189,1,0.391891891891892,5.48648648648649,0.635135135135135,1.09459459459459,74,"Luol Deng","PF",10151612,14.3684782909256
1.59459459459459,2.02702702702703,0.378378378378378,0.135135135135135,0.0540540540540541,1.02702702702703,0.108108108108108,0.135135135135135,37,"Udonis Haslem","PF",2854940,2.78254932309417
6.18666666666667,2.74666666666667,1.04,0.333333333333333,0.226666666666667,2.66666666666667,0.173333333333333,0.56,75,"Mike Scott","PF",3333333,6.87270141088146
17.0987654320988,9.03703703703704,3.2716049382716,1.81481481481481,1.71604938271605,6.97530864197531,1.22222222222222,2.35802469135802,81,"Paul Millsap","PF",1.9e+07,23.2922591173563
7.30379746835443,6.39240506329114,1.74683544303797,0.658227848101266,1.05063291139241,2.24050632911392,0.658227848101266,1.18987341772152,79,"Amir Johnson","PF",1.2e+07,11.339761549753
10.2962962962963,8.30864197530864,2.30864197530864,0.925925925925926,0.580246913580247,5.61728395061728,0.716049382716049,1.25925925925926,81,"Jared Sullinger","PF",2269260,15.95216692425
4.35897435897436,3.69230769230769,0.794871794871795,0.256410256410256,0.307692307692308,2.15384615384615,0.217948717948718,0.666666666666667,78,"Jonas Jerebko","PF",5e+06,6.7753171618665
1.3125,0.8125,0.0625,0,0.6875,0.875,0.3125,0.0625,16,"Jordan Mickey","PF",1200000,2.20005908465001
11.7037037037037,6.4320987654321,1.35802469135802,0.716049382716049,0.950617283950617,5.04938271604938,0.296296296296296,0.765432098765432,81,"Marvin Williams","PF",7e+06,12.9013706129683
5.96491228070175,4.28070175438596,1.91228070175439,0.385964912280702,0.473684210526316,3.19298245614035,0.192982456140351,1.01754385964912,57,"Spencer Hawes","PF",5543725,9.68649833351661
2.36363636363636,2.02272727272727,0.181818181818182,0.272727272727273,0.159090909090909,0.886363636363636,0.613636363636364,0.272727272727273,44,"Tyler Hansbrough","PF",1185784,3.65113539365468
5.41772151898734,5.36708860759494,0.962025316455696,0.329113924050633,0.531645569620253,2.26582278481013,0.341772151898734,0.873417721518987,79,"Lavoy Allen","PF",3700000,8.68739045068687
4,1,0,0,0,0,0,0,1,"Rakeem Christmas","PF",1e+06,1.12753295648308
1.57142857142857,1.71428571428571,0.428571428571429,0.142857142857143,0.142857142857143,0.857142857142857,0.142857142857143,0.714285714285714,7,"Shayne Whittington","PF",845059,4.02459041069531
5.31944444444444,3.18055555555556,0.722222222222222,0.361111111111111,0.222222222222222,2.83333333333333,0.25,0.388888888888889,72,"Anthony Tolliver","PF",3e+06,6.59843623089824
2.6,0.2,0,0.2,0,1.2,0.2,0.4,5,"Justin Harper","PF",99418,2.82854722255341
16.5555555555556,6.22222222222222,2.59259259259259,0.666666666666667,0.444444444444444,6.74074074074074,0.296296296296296,1.11111111111111,27,"Tobias Harris","PF",1.6e+07,16.1228063341604
7.03225806451613,5.43548387096774,0.838709677419355,0.403225806451613,0.354838709677419,4.03225806451613,0.290322580645161,0.870967741935484,62,"Bobby Portis","PF",1391160,10.3251503716265
11.7727272727273,5.48484848484848,1.51515151515152,0.878787878787879,0.696969696969697,5.46969696969697,0.53030303030303,1.54545454545455,66,"Nikola Mirotic","PF",5543725,14.9874956045346
8.58904109589041,6.9041095890411,1.45205479452055,0.643835616438356,1.05479452054795,3.24657534246575,0.616438356164384,1.06849315068493,73,"Taj Gibson","PF",8500000,12.1765237493006
2.73333333333333,2.83333333333333,0.433333333333333,0.266666666666667,0.366666666666667,2.33333333333333,0.166666666666667,0.433333333333333,30,"Drew Gooden","PF",3300000,5.51897435469739
7.87654320987654,3.53086419753086,2.09876543209877,0.925925925925926,0.222222222222222,3.1358024691358,0.320987654320988,0.987654320987654,81,"Jared Dudley","PF",4250000,9.88518190314001
12.4074074074074,5.85185185185185,1.37037037037037,0.925925925925926,0.62962962962963,5.66666666666667,0.481481481481481,1.66666666666667,27,"Markieff Morris","PF",8e+06,15.6094064594098
9.21052631578947,4.54385964912281,1.70175438596491,0.947368421052632,0.456140350877193,3.07017543859649,1.36842105263158,1.33333333333333,57,"Nene Hilario","PF",1.3e+07,12.3290553269174
9.21794871794872,6.5,1.64102564102564,0.756410256410256,0.705128205128205,3.91025641025641,0.82051282051282,0.846153846153846,78,"Aaron Gordon","PF",4171680,12.248727904765
6.85714285714286,3.58928571428571,0.446428571428571,0.178571428571429,0.392857142857143,2.92857142857143,0.25,0.732142857142857,56,"Andrew Nicholson","PF",2380594,7.84814444139343
8.09090909090909,5.5,0.545454545454545,0.636363636363636,0.272727272727273,4.04545454545455,0.590909090909091,0.545454545454545,22,"Ersan Ilyasova","PF",7900000,9.97588432393592
14.0789473684211,5.19736842105263,1.71052631578947,0.907894736842105,0.381578947368421,6,0.697368421052632,1.52631578947368,76,"Jabari Parker","PF",5152440,15.721043350257
3.03030303030303,2.66666666666667,0.484848484848485,0.272727272727273,0.121212121212121,1.86363636363636,0.196969696969697,0.46969696969697,66,"Johnny O'Bryant","PF",845059,5.09680276918462
2.33333333333333,0.333333333333333,0,0,0,1.33333333333333,0,0,3,"Steve Novak","PF",416886,1.67737543972614
14.2777777777778,7.30555555555556,1.29166666666667,0.736111111111111,1.86111111111111,7.125,0.541666666666667,1.68055555555556,72,"Kristaps Porzingis","PF",4131720,18.4805852123485
4.75384615384615,3.84615384615385,1.10769230769231,0.307692307692308,0.753846153846154,2.18461538461538,0.215384615384615,0.938461538461538,65,"Kyle O'Quinn","PF",3750000,8.0185308310415
8.20338983050847,2.22033898305085,0.898305084745763,0.372881355932203,0.11864406779661,3.61016949152542,0.288135593220339,0.966101694915254,59,"Lance Thomas","PF",1650000,8.77493484611874
1.79310344827586,1.68965517241379,0.413793103448276,0.206896551724138,0.241379310344828,1.17241379310345,0.448275862068966,0.517241379310345,29,"Lou Amundson","PF",1650000,4.20323105151417
4.66666666666667,2.83333333333333,0.375,1.16666666666667,0.5,2.70833333333333,0.5,0.625,24,"Chris McCullough","PF",1140240,7.48222827732062
15.0958904109589,9.04109589041096,1.84931506849315,1.53424657534247,0.506849315068493,6.41095890410959,0.794520547945205,1.86301369863014,73,"Thaddeus Young","PF",11200000,19.4169848243488
4.32394366197183,5.05633802816901,0.647887323943662,0.549295774647887,0.507042253521127,2.26760563380282,0.873239436619718,0.971830985915493,71,"Thomas Robinson","PF",981300,9.07556170246153
4.66666666666667,3.12820512820513,0.256410256410256,0.153846153846154,0.769230769230769,1.46153846153846,0.641025641025641,0.41025641025641,39,"Willie Reed","PF",947276,5.71051449484658
9.75,4.05555555555556,0.888888888888889,0.333333333333333,0.25,3.08333333333333,0.666666666666667,0.611111111111111,36,"Carl Landry","PF",6500000,8.96391509392567
3.58823529411765,2.23529411764706,0.176470588235294,0.294117647058824,0.411764705882353,1.82352941176471,0.470588235294118,0.117647058823529,17,"Christian Wood","PF",305789,4.38520313993038
5.62745098039216,2.64705882352941,0.647058823529412,0.372549019607843,0.784313725490196,2.11764705882353,0.450980392156863,0.627450980392157,51,"Richaun Holmes","PF",1050000,6.85734609015439
13.962962962963,9.49382716049383,7.38271604938272,1.46913580246914,1.39506172839506,5.16049382716049,1.23456790123457,3.19753086419753,81,"Draymond Green","PF",14300000,24.9250912541065
2.85365853658537,1.41463414634146,0.414634146341463,0.24390243902439,0.195121951219512,0.951219512195122,0.560975609756098,0.390243902439024,41,"James Michael McAdoo","PF",845059,3.85009642417834
1.8,2,0,0,0,0.6,0,0.2,5,"Kevon Looney","PF",1131960,2.23189182748432
6.38157894736842,3.06578947368421,2.31578947368421,0.342105263157895,0.276315789473684,2.38157894736842,0.263157894736842,1.27631578947368,76,"Boris Diaw","PF",7e+06,9.24325477205306
7.1025641025641,3.96153846153846,1.83333333333333,0.564102564102564,0.705128205128205,2.61538461538462,0.217948717948718,0.871794871794872,78,"David West","PF",1499000,9.09097132894068
17.9864864864865,8.54054054054054,1.48648648648649,0.513513513513513,1.09459459459459,6.87837837837838,0.581081081081081,1.33783783783784,74,"LaMarcus Aldridge","PF",19500000,18.1852243309623
2.8,2,0,0.2,0.4,1.4,0.8,0.6,5,"Josh Huestis","PF",1140240,5.14942132881001
1.3,0.9,0.15,0.05,0.1,0.6,0.3,0.35,20,"Mitch McGary","PF",1463040,2.43731931068481
2.08474576271186,2.89830508474576,0.88135593220339,0.254237288135593,0.271186440677966,1,0.169491525423729,0.847457627118644,59,"Nick Collison","PF",3750000,5.46236668302809
12.6025641025641,6.83333333333333,0.846153846153846,0.487179487179487,1.8974358974359,5.80769230769231,0.384615384615385,1.38461538461538,78,"Serge Ibaka","PF",12350000,15.6774753056815
21.4,8.4,4.85714285714286,0.8,0.485714285714286,8.62857142857143,1.51428571428571,2.37142857142857,35,"Blake Griffin","PF",18907725,24.8690095115548
0.833333333333333,0.666666666666667,0,0,0.166666666666667,0.5,0,0,6,"Branden Dawson","PF",525093,0.967149673466193
3.08,2.28,0.4,0.586666666666667,0.253333333333333,1.50666666666667,0.36,0.453333333333333,75,"Luc Mbah a Moute","PF",1270964,4.94180231916122
1.25,0.75,0,0.125,0.25,0.625,0,0.125,8,"Cliff Alexander","PF",525093,1.60401610326338
6.49382716049383,7.39506172839506,1.08641975308642,0.703703703703704,0.888888888888889,1.61728395061728,1.11111111111111,0.790123456790123,81,"Ed Davis","PF",7e+06,10.230160681751
8.37704918032787,5.14754098360656,1.50819672131148,0.131147540983607,0.295081967213115,3.9344262295082,0.180327868852459,1.26229508196721,61,"Meyers Leonard","PF",3075880,11.2997288133884
3.62820512820513,3.91025641025641,0.384615384615385,0.346153846153846,0.333333333333333,2.06410256410256,0.166666666666667,0.641025641025641,78,"Noah Vonleh","PF",2637720,6.45384715701284
5.14516129032258,2.45161290322581,0.387096774193548,0.290322580645161,0.241935483870968,3.25806451612903,0.032258064516129,0.5,62,"Charlie Villanueva","PF",1499187,6.49007847579829
18.2933333333333,6.52,1.76,0.693333333333333,0.693333333333333,8.18666666666667,0.4,1.12,75,"Dirk Nowitzki","PF",8333334,17.6951593814987
5.78260869565217,3.95652173913043,0.63768115942029,0.521739130434783,0.347826086956522,2.17391304347826,0.536231884057971,0.579710144927536,69,"Dwight Powell","PF",845059,7.33447054466539
6.91666666666667,3.58333333333333,0.5,0.416666666666667,1.25,1.41666666666667,0.916666666666667,0.833333333333333,12,"Brandan Wright","PF",5500000,8.07537582420664
7.41025641025641,4.78205128205128,0.858974358974359,0.58974358974359,0.423076923076923,3.3974358974359,0.435897435897436,1.06410256410256,78,"JaMychal Green","PF",845059,10.3043677059033
5.66666666666667,3.18518518518519,0.555555555555556,0.296296296296296,0.259259259259259,2.2962962962963,0.62962962962963,0.703703703703704,27,"Jarell Martin","PF",1230840,7.24722127909247
15.2941176470588,7.77941176470588,2.08823529411765,0.632352941176471,0.191176470588235,7,0.647058823529412,1.54411764705882,68,"Zach Randolph","PF",9638555,17.8775891093343
6.21621621621622,2.94594594594595,1.10810810810811,0.459459459459459,0.135135135135135,3.10810810810811,0.513513513513513,1.18918918918919,37,"Donatas Motiejunas","PF",2288205,9.26357687371045
6.56521739130435,2.91304347826087,2.08695652173913,0.695652173913043,0.565217391304348,4.82608695652174,0.565217391304348,1.56521739130435,23,"Josh Smith","PF",1499000,12.5360568377883
3.58974358974359,1.66666666666667,0.435897435897436,0.282051282051282,0.282051282051282,0.82051282051282,0.564102564102564,0.435897435897436,39,"Montrezl Harrell","PF",1e+06,4.17186009614899
8.68,4.22,0.82,0.46,0.78,4.02,0.78,0.98,50,"Terrence Jones","PF",2489530,11.0125976779107
16.3870967741935,8.11290322580645,1.51612903225806,1.19354838709677,1.46774193548387,6.33870967741935,1.19354838709677,1.67741935483871,62,"Derrick Favors","PF",11933333,19.2650189078088
5.86075949367089,5.72151898734177,1.06329113924051,0.746835443037975,0.518987341772152,2.50632911392405,0.443037974683544,1.0253164556962,79,"Trevor Booker","PF",4775000,9.86318022015055
6.1,3.7375,0.7375,0.325,0.225,3.0625,0.3125,0.8125,80,"Trey Lyles","PF",2239800,8.27341312526197
1,1.375,0.125,0,0.5,0.375,0.25,0.375,8,"Eric Moreland","PF",845059,2.61737131626469
5.20338983050847,3.1864406779661,0.457627118644068,0.491525423728814,0.406779661016949,1.61016949152542,0.305084745762712,0.457627118644068,59,"Quincy Acy","PF",981348,5.82119054555461
7.52857142857143,4.18571428571429,1.37142857142857,0.757142857142857,0.685714285714286,3.82857142857143,0.185714285714286,0.942857142857143,70,"Darrell Arthur","PF",2814000,10.3388444407763
12.4626865671642,8.67164179104478,1.17910447761194,0.477611940298507,0.895522388059702,4.13432835820895,1.28358208955224,1.35820895522388,67,"Kenneth Faried","PF",11235955,15.440244852438
24.2786885245902,10.2786885245902,1.90163934426229,1.27868852459016,2.04918032786885,9.44262295081967,1.70491803278689,1.98360655737705,61,"Anthony Davis","PF",7070730,25.9965805533433
17.030303030303,6,1.10606060606061,0.575757575757576,0.378787878787879,8.06060606060606,0.439393939393939,1.36363636363636,66,"Ryan Anderson","PF",8500000,17.2526979004526
2.53846153846154,2.13461538461538,0.557692307692308,0.307692307692308,0.211538461538462,1.76923076923077,0.173076923076923,0.692307692307692,52,"Adreian Payne","PF",1938840,5.31489318919705
2.38888888888889,2.33333333333333,0.333333333333333,0.222222222222222,0.0555555555555556,0.777777777777778,0.555555555555556,0.388888888888889,18,"Greg Smith","PF",247623,3.91890312747869
3.21052631578947,3.94736842105263,1.63157894736842,0.736842105263158,0.263157894736842,1.60526315789474,0.184210526315789,0.421052631578947,38,"Kevin Garnett","PF",8500000,6.19537619271748
5.13333333333333,3.5,1.38333333333333,0.433333333333333,0.35,2.08333333333333,0.25,0.783333333333333,60,"Nemanja Bjelica","PF",4e+06,7.4452441410346
2.9,3.8,0.5,0.4,0.5,1.4,0.5,0.6,10,"Alan Williams","PF",114285,6.10058436010413
2.75,2,0,0,0.125,1.625,0.25,0,8,"Cory Jefferson","PF",421449,3.07435244047644
8.46268656716418,5.56716417910448,1.07462686567164,0.567164179104478,0.447761194029851,3.61194029850746,0.358208955223881,1.11940298507463,67,"Jon Leuer","PF",1035000,11.1842052741408
12.2151898734177,3.82278481012658,1.12658227848101,0.40506329113924,0.265822784810127,5.63291139240506,0.443037974683544,1.06329113924051,79,"Mirza Teletovic","PF",5500000,12.4909412219912
7.16666666666667,4.31818181818182,1.12121212121212,0.5,0.833333333333333,2.16666666666667,0.348484848484849,0.636363636363636,66,"Brandon Bass","PF",3e+06,8.15739600409731
11.3456790123457,10.2345679012346,1.77777777777778,0.654320987654321,0.358024691358025,5.88888888888889,0.950617283950617,1.83950617283951,81,"Julius Randle","PF",3132240,18.4027615699303
5.53968253968254,4.95238095238095,0.698412698412698,0.857142857142857,0.365079365079365,2.25396825396825,0.238095238095238,0.650793650793651,63,"Larry Nance Jr.","PF",1155600,7.93805303774819
4.22222222222222,3.36111111111111,0.555555555555556,0.361111111111111,0.277777777777778,2.61111111111111,0.472222222222222,0.5,36,"Ryan Kelly","PF",1724250,6.75323882137397
13,5,2,1,2,8,0,0,1,"Dahntay Jones","SF",8819,14.1491594043791
3.70833333333333,1.04166666666667,0.291666666666667,0.229166666666667,0.208333333333333,1.75,0.104166666666667,0.270833333333333,48,"James Jones","SF",1499000,3.61255414892289
25.2631578947368,7.43421052631579,6.76315789473684,1.36842105263158,0.644736842105263,8.93421052631579,1.73684210526316,3.27631578947368,76,"LeBron James","SF",22971000,27.4876904335715
5.54054054054054,1.72972972972973,0.797297297297297,0.445945945945946,0.189189189189189,2.28378378378378,0.391891891891892,0.581081081081081,74,"Richard Jefferson","SF",1499000,5.89566195673405
0.5,0.333333333333333,0.166666666666667,0.333333333333333,0.166666666666667,1.83333333333333,0,0.666666666666667,6,"Bruno Caboclo","SF",1524000,3.38898243235968
11,4.69230769230769,1.03846153846154,1.69230769230769,0.230769230769231,6.34615384615385,0.769230769230769,1.07692307692308,26,"DeMarre Carroll","SF",13500000,13.8532677003318
9.86301369863014,2.53424657534247,0.767123287671233,0.73972602739726,0.342465753424658,4.87671232876712,0.178082191780822,0.63013698630137,73,"Terrence Ross","SF",3553917,9.41770577787324
6.43589743589744,5.16666666666667,1.5,0.871794871794872,0.333333333333333,3.42307692307692,0.474358974358974,1.21794871794872,78,"Justise Winslow","SF",2481720,10.4108504847369
11.6266666666667,5.05333333333333,2.28,1.30666666666667,0.506666666666667,5.4,0.373333333333333,1.84,75,"Kent Bazemore","SF",2e+06,14.7028622224127
6.4,4.45333333333333,1.42666666666667,1.13333333333333,0.493333333333333,2.45333333333333,0.493333333333333,0.906666666666667,75,"Thabo Sefolosha","SF",4e+06,8.86308201999826
2,0.333333333333333,0,0,0,0.666666666666667,0,0.333333333333333,3,"Coty Clarke","SF",61776,1.66096518812666
14.2191780821918,5.10958904109589,1.84931506849315,1.72602739726027,0.479452054794521,6.20547945205479,0.589041095890411,1.13698630136986,73,"Jae Crowder","SF",6e+06,14.9027539331435
12.7142857142857,6.42857142857143,1.28571428571429,0.428571428571429,0.428571428571429,4,1.28571428571429,1.14285714285714,7,"Michael Kidd-Gilchrist","SF",6331404,12.9471633006275
14.9428571428571,6.11428571428571,5.75714285714286,0.928571428571429,0.614285714285714,7.15714285714286,0.414285714285714,2.92857142857143,70,"Nicolas Batum","SF",12235750,20.8530899579942
11.765625,2.734375,0.984375,0.828125,0.453125,5.859375,0.484375,1.09375,64,"C.J. Miles","SF",4394225,12.0408469422168
3.8,1.51111111111111,0.577777777777778,0.377777777777778,0.2,1.91111111111111,0.266666666666667,0.4,45,"Glenn Robinson","SF",845000,4.58779952701253
23.1358024691358,6.95061728395062,4.06172839506173,1.87654320987654,0.358024691358025,10.4197530864198,0.91358024691358,3.2716049382716,81,"Paul George","SF",17120106,26.1918225548321
4.16949152542373,2.8135593220339,0.966101694915254,0.627118644067797,0.186440677966102,1.94915254237288,0.101694915254237,0.559322033898305,59,"Solomon Hill","SF",1358880,5.67571852053726
14.1375,5.05,2.5125,0.8375,0.2875,6.6875,0.85,1.75,80,"Marcus Morris","SF",5e+06,16.4093949743281
3.2972972972973,1.83783783783784,0.72972972972973,0.27027027027027,0.0540540540540541,1.48648648648649,0.027027027027027,0.216216216216216,37,"Reggie Bullock","SF",1252440,3.64842504916268
8.12328767123288,4.19178082191781,1.61643835616438,0.753424657534247,0.164383561643836,5.13698630136986,0.301369863013699,1.56164383561644,73,"Stanley Johnson","SF",2841960,12.1686254305687
9.4320987654321,2.40740740740741,0.728395061728395,0.172839506172839,0.0740740740740741,4.35802469135802,0.148148148148148,0.654320987654321,81,"Doug McDermott","SF",2380440,8.38582771836937
7.16129032258065,2.67741935483871,1.25806451612903,0.451612903225806,0.32258064516129,3.58064516129032,0.258064516129032,0.838709677419355,31,"Mike Dunleavy","SF",4500000,8.37091422211633
5.28125,3.109375,0.984375,0.25,0.265625,3.328125,0.046875,0.8125,64,"Tony Snell","SF",1535880,7.48235327668788
7.275,2.65,1.75,0.8625,0.225,3.8,0.425,0.8,80,"Garrett Temple","SF",1100602,9.10280310512466
2.42307692307692,0.884615384615385,0.192307692307692,0.192307692307692,0.0384615384615385,1.73076923076923,0,0.0384615384615385,26,"Jarell Eddie","SF",561716,2.65871493158915
3.74603174603175,2.11111111111111,0.206349206349206,0.349206349206349,0.111111111111111,1.92063492063492,0.285714285714286,0.53968253968254,63,"Kelly Oubre","SF",1920240,4.86386210024926
11.6133333333333,5.21333333333333,1.6,1.4,0.426666666666667,5.04,0.413333333333333,0.933333333333333,75,"Otto Porter","SF",4662960,12.5944468546906
15.3544303797468,2.84810126582278,2.69620253164557,1.21518987341772,0.0253164556962025,6.32911392405063,0.493670886075949,1.68354430379747,79,"Evan Fournier","SF",2288205,15.0088315156719
6.05063291139241,2.22784810126582,1.37974683544304,0.493670886075949,0.215189873417722,3,0.0632911392405063,1.22784810126582,79,"Mario Hezonja","SF",3741480,7.95688256650009
1.8,1.55,0.5,0.3,0.15,1.2,0.05,0.55,20,"Damien Inglis","SF",855000,3.55016435280999
21.8472222222222,7.72222222222222,4.15277777777778,0.861111111111111,0.527777777777778,10.2777777777778,0.958333333333333,2.44444444444444,72,"Carmelo Anthony","SF",22875000,24.4092863584834
1.82352941176471,1.52941176470588,0.352941176470588,0.117647058823529,0.176470588235294,1.64705882352941,0.0588235294117647,0.529411764705882,17,"Cleanthony Early","SF",845059,3.77207312525211
9.325,3.7,0.9375,0.3625,0.1125,3.8875,0.775,0.7625,80,"Derrick Williams","SF",4900000,9.5541001182239
3,0.5,0,0,0,0.5,0,0,2,"Thanasis Antetokounmpo","SF",105888,1.17581427975344
11.2278481012658,3.22784810126582,1.25316455696203,0.367088607594937,0.0632911392405063,5.37974683544304,0.278481012658228,1.45569620253165,79,"Bojan Bogdanovic","SF",3425510,11.8496446474145
5.75862068965517,5.31034482758621,1.48275862068966,1.3448275862069,0.551724137931034,2.58620689655172,0.517241379310345,0.896551724137931,29,"Rondae Hollis-Jefferson","SF",1335480,9.42529625677902
2.425,1.45,0.875,0.15,0.05,1.1,0.05,0.55,40,"Sergey Karasev","SF",1599840,3.58420586020343
9.72727272727273,4.68831168831169,1.75324675324675,0.701298701298701,1.64935064935065,4.51948051948052,1.42857142857143,1.42857142857143,77,"Jerami Grant","SF",845059,13.7510877958735
12.8059701492537,6.25373134328358,1.44776119402985,1.56716417910448,0.597014925373134,6.53731343283582,0.552238805970149,2.13432835820896,67,"Robert Covington","SF",1e+06,16.910917962918
2.42857142857143,1.71428571428571,0.285714285714286,0,0,2,0.142857142857143,0.571428571428571,7,"Sonny Weems","SF",2800000,4.25854541109951
7.03076923076923,4.04615384615385,3.36923076923077,1.12307692307692,0.292307692307692,2.95384615384615,0.492307692307692,1.21538461538462,65,"Andre Iguodala","SF",11710456,10.6635649606052
11.7272727272727,4.92424242424242,1.77272727272727,0.621212121212121,0.151515151515152,5.12121212121212,0.484848484848485,0.863636363636364,66,"Harrison Barnes","SF",3873398,12.0704144683143
21.1527777777778,6.84722222222222,2.58333333333333,1.77777777777778,0.986111111111111,7.48611111111111,0.583333333333333,1.45833333333333,72,"Kawhi Leonard","SF",16500000,19.168186116143
4.48717948717949,3.12820512820513,1.57692307692308,0.769230769230769,0.371794871794872,2.01282051282051,0.269230769230769,0.756410256410256,78,"Kyle Anderson","SF",1142879,6.90435274663757
2.69565217391304,1.21739130434783,0.521739130434783,0.282608695652174,0.5,1.19565217391304,0.108695652173913,0.173913043478261,46,"Rasual Butler","SF",1499187,3.13064801088299
28.1805555555556,8.18055555555556,5.01388888888889,0.958333333333333,1.18055555555556,9.48611111111111,0.708333333333333,3.47222222222222,72,"Kevin Durant","SF",20158622,27.2293684045555
3.39705882352941,2.07352941176471,0.352941176470588,0.441176470588235,0.132352941176471,1.98529411764706,0.220588235294118,0.470588235294118,68,"Kyle Singler","SF",5e+06,4.79534083164483
10.8518518518519,3.37037037037037,1.48148148148148,0.666666666666667,0.777777777777778,5.66666666666667,0.925925925925926,0.888888888888889,27,"Jeff Green","SF",9200000,12.4124130949616
6.13235294117647,2.73529411764706,1.04411764705882,0.485294117647059,0.25,3.72058823529412,0.176470588235294,0.852941176470588,68,"Paul Pierce","SF",3400000,8.16919742554501
6.8625,3.1,0.6125,1.1125,0.7,3.8375,0.2,0.675,80,"Wesley Johnson","SF",1100600,8.59314600095692
10.2317073170732,6.08536585365854,1.68292682926829,0.878048780487805,0.646341463414634,5.1219512195122,0.5,1.46341463414634,82,"Al-Farouq Aminu","SF",7500000,13.6904655714544
6.38461538461539,3.58974358974359,0.858974358974359,0.628205128205128,0.448717948717949,2.76923076923077,0.538461538461538,0.794871794871795,78,"Maurice Harkless","SF",2894059,8.05719580915196
13.7213114754098,4.67213114754098,2.77049180327869,0.754098360655738,0.344262295081967,5.42622950819672,0.704918032786885,1.55737704918033,61,"Chandler Parsons","SF",15361500,14.6518764308627
2.36666666666667,1.8,0.0666666666666667,0.2,0.3,0.733333333333333,0.2,0.233333333333333,30,"Jeremy Evans","SF",1100602,2.73511345651822
3.78181818181818,2.4,0.527272727272727,0.345454545454545,0.454545454545455,1.89090909090909,0.2,0.436363636363636,55,"Justin Anderson","SF",1449000,5.02352335514368
14.1923076923077,4.42307692307692,2.80769230769231,0.730769230769231,0.230769230769231,6.23076923076923,0.576923076923077,1.76923076923077,26,"Lance Stephenson","SF",9e+06,15.545009793868
9.97368421052632,5.52631578947368,2.14473684210526,1.02631578947368,0.75,5.64473684210526,0.355263157894737,1.59210526315789,76,"Matt Barnes","SF",3542500,14.3142606283169
6.88888888888889,2.55555555555556,0.5,0.444444444444444,0.222222222222222,4.77777777777778,0.333333333333333,0.944444444444444,18,"P.J. Hairston","SF",1201440,9.19532395542698
7.19512195121951,2.42682926829268,1.32926829268293,1.02439024390244,0.231707317073171,4.14634146341463,0.426829268292683,0.951219512195122,82,"Corey Brewer","SF",8200000,9.4451286838853
2.40540540540541,1.13513513513514,0.27027027027027,0.189189189189189,0.162162162162162,1.16216216216216,0.162162162162162,0.459459459459459,37,"K.J. McDaniels","SF",3333333,3.2270486379116
12.75,4.9,0.8,0.55,0.45,4.9,0.55,1.2,20,"Michael Beasley","SF",306527,12.2788421582109
0,0.333333333333333,0,0.333333333333333,0,0,0,0,3,"Sam Dekker","SF",1646400,0.318940341227341
12.6543209876543,4.51851851851852,2.32098765432099,1.97530864197531,0.320987654320988,6.19753086419753,0.432098765432099,1.39506172839506,81,"Trevor Ariza","SF",8193030,14.9530837954657
2.92857142857143,1.88571428571429,0.642857142857143,0.457142857142857,0.285714285714286,1.74285714285714,0.114285714285714,0.571428571428571,70,"Chris Johnson","SF",981348,4.70275954210029
19.725,4.9625,3.7,1.1875,0.3375,8.5125,1.05,2.525,80,"Gordon Hayward","SF",15409570,21.316581495075
0,0.5,0,0.5,0,0.5,0,0,2,"J.J. O'Brien","SF",105888,0.937328085790783
4.22222222222222,1.8641975308642,1.18518518518519,0.679012345679012,0.0493827160493827,2.06172839506173,0.0617283950617284,0.802469135802469,81,"Joe Ingles","SF",2250000,5.82340004062563
3.70588235294118,1.29411764705882,0.588235294117647,0.529411764705882,0.0588235294117647,2,0.117647058823529,0.176470588235294,17,"Caron Butler","SF",1499187,4.04110552183537
6,4,1,1,0,8,0,0,1,"Duje Dukan","SF",525093,11.1128448640798
11.7826086956522,5.94202898550725,1.3768115942029,0.811594202898551,0.246376811594203,4.68115942028986,0.811594202898551,1.36231884057971,69,"Omri Casspi","SF",3e+06,13.2534710436199
17.2,6.51428571428571,1.71428571428571,1.42857142857143,0.728571428571429,7.72857142857143,0.8,1.98571428571429,70,"Rudy Gay","SF",12403101,18.9732749180645
3.61904761904762,1.47619047619048,0.714285714285714,0.333333333333333,0.285714285714286,2.14285714285714,0.19047619047619,0.285714285714286,21,"Axel Toupane","SF",123552,4.56673710307271
19.5471698113208,5.30188679245283,2.54716981132075,0.792452830188679,0.358490566037736,7.79245283018868,1.07547169811321,1.45283018867925,53,"Danilo Gallinari","SF",1.4e+07,18.1831066078552
2.57692307692308,1.53846153846154,0.615384615384615,0.5,0.192307692307692,1.61538461538462,0.192307692307692,0.807692307692308,26,"Kostas Papanikolaou","SF",350000,4.82599783648311
1.34042553191489,1.12765957446809,0.851063829787234,0.276595744680851,0.0851063829787234,0.851063829787234,0,0.361702127659574,47,"Mike Miller","SF",1499187,2.73068297561992
4.45205479452055,3.35616438356164,0.986301369863014,0.863013698630137,0.178082191780822,1.68493150684932,0.301369863013699,0.753424657534247,73,"Alonzo Gee","SF",1375000,6.38443558759945
6.05,2.95,0.9625,0.525,0.4125,2.825,0.3125,0.5125,80,"Dante Cunningham","SF",3e+06,7.03885553138866
11.3636363636364,5.63636363636364,2.27272727272727,0.727272727272727,0.272727272727273,6.09090909090909,0.636363636363636,1.54545454545455,11,"Jordan Hamilton","SF",119462,14.9000824934642
6.95744680851064,3.14893617021277,1.12765957446809,0.234042553191489,0.148936170212766,3.5531914893617,0.234042553191489,0.48936170212766,47,"Luke Babbitt","SF",1100000,7.63417544729386
20.679012345679,3.60493827160494,2.02469135802469,0.962962962962963,0.567901234567901,8.64197530864197,1.66666666666667,2.24691358024691,81,"Andrew Wiggins","SF",5758680,20.3016887557508
2.27272727272727,0.606060606060606,0.333333333333333,0.0909090909090909,0.0303030303030303,1.12121212121212,0,0.393939393939394,33,"Damjan Rudez","SF",1149500,2.57671602801303
10.5243902439024,3.25609756097561,0.634146341463415,0.292682926829268,0.0853658536585366,4.4390243902439,0.695121951219512,0.853658536585366,82,"Shabazz Muhammad","SF",2056920,9.93716862230448
2.87012987012987,1.90909090909091,0.948051948051948,0.467532467532468,0.168831168831169,1.64935064935065,0.0779220779220779,0.350649350649351,77,"Tayshaun Prince","SF",1499187,4.3074585269893
7.95121951219512,6.24390243902439,2.15853658536585,1.29268292682927,0.24390243902439,4.18292682926829,0.439024390243902,1.35365853658537,82,"P.J. Tucker","SF",5500000,12.5376568597046
10.9574468085106,3.12765957446809,0.936170212765957,0.787234042553192,0.340425531914894,4.68085106382979,0.404255319148936,0.680851063829787,47,"T.J. Warren","SF",2041080,10.1082602640371
3.96551724137931,2.41379310344828,0.655172413793103,0.482758620689655,0.172413793103448,3,0.103448275862069,0.517241379310345,29,"Anthony Brown","SF",7e+05,6.12231903708239
17.5909090909091,3.74242424242424,2.78787878787879,0.939393939393939,0.196969696969697,10.8333333333333,0.742424242424242,1.95454545454545,66,"Kobe Bryant","SF",2.5e+07,20.6083637024116
5.02857142857143,2.54285714285714,0.771428571428571,0.628571428571429,0.314285714285714,3.48571428571429,0.485714285714286,0.428571428571429,35,"Metta World Peace","SF",1499187,7.2439535041937
5.75925925925926,3.75925925925926,1.7037037037037,1,0.351851851851852,3.53703703703704,0.203703703703704,1.05555555555556,54,"Iman Shumpert","SG",9e+06,10.1544430328843
12.4025974025974,2.81818181818182,1.68831168831169,1.05194805194805,0.272727272727273,6.45454545454545,0.337662337662338,0.766233766233766,77,"J.R. Smith","SG",5e+06,12.6387364267836
8.4625,2.625,3.125,0.7875,0.25,4.1,0.5125,1.275,80,"Cory Joseph","SG",7e+06,12.2182296137014
23.4615384615385,4.47435897435897,4.03846153846154,1.03846153846154,0.269230769230769,9.78205128205128,1.25641025641026,2.24358974358974,78,"DeMar DeRozan","SG",9500000,24.3530965198736
5.57142857142857,2.26530612244898,0.959183673469388,0.591836734693878,0.204081632653061,2.69387755102041,0.204081632653061,0.653061224489796,49,"Norman Powell","SG",650000,7.03174506650524
19.0405405405405,4.08108108108108,4.64864864864865,1.06756756756757,0.567567567567568,8.68918918918919,1.13513513513514,2.74324324324324,74,"Dwyane Wade","SG",2e+07,24.2536324271956
8.92753623188406,2.36231884057971,0.811594202898551,0.550724637681159,0.27536231884058,5.17391304347826,0.289855072463768,0.666666666666667,69,"Gerald Green","SG",1356000,9.74810236597974
6.55769230769231,2.05769230769231,1.40384615384615,0.692307692307692,0.480769230769231,2.86538461538462,0.403846153846154,0.673076923076923,52,"Josh Richardson","SG",525093,8.00973326072608
8.72222222222222,3.02777777777778,2.19444444444444,0.666666666666667,0.388888888888889,3.47222222222222,0.361111111111111,1.30555555555556,36,"Tyler Johnson","SG",845059,11.2673905878046
9.2375,3.25,2.05,0.75,0.4375,4.35,0.1125,1.225,80,"Kyle Korver","SG",5746479,11.5974238812322
2.4,1.42857142857143,1.11428571428571,0.257142857142857,0.0571428571428571,1.48571428571429,0.171428571428571,0.657142857142857,35,"Lamar Patterson","SG",525093,4.97855041910257
6.3921568627451,1.68627450980392,1,0.411764705882353,0.137254901960784,2.96078431372549,0.117647058823529,0.450980392156863,51,"Tim Hardaway","SG",1304520,6.37518163741191
15.1973684210526,2.89473684210526,2.07894736842105,1.53947368421053,0.25,7.40789473684211,0.355263157894737,1.43421052631579,76,"Avery Bradley","SG",7730337,16.2010712560464
10.5432098765432,4.90123456790123,4.4320987654321,0.987654320987654,0.345679012345679,5.06172839506173,0.382716049382716,2.08641975308642,81,"Evan Turner","SG",3425510,17.1460952796108
1,0.896551724137931,0.310344827586207,0.206896551724138,0.0344827586206897,0.862068965517241,0.103448275862069,0.172413793103448,29,"James Young","SG",1749840,2.14608801308481
2.69444444444444,1.02777777777778,0.361111111111111,0.388888888888889,0.111111111111111,1.72222222222222,0.0277777777777778,0.305555555555556,36,"R.J. Hunter","SG",1148640,3.60202793181971
0.857142857142857,0.714285714285714,0.0952380952380952,0.285714285714286,0,0.666666666666667,0.333333333333333,0.19047619047619,21,"Aaron Harrison","SG",525093,2.16384426643213
8.92857142857143,3.10714285714286,2.14285714285714,1.17857142857143,0.428571428571429,4.35714285714286,0.107142857142857,0.821428571428571,28,"Courtney Lee","SG",5675000,10.6872595525697
8.78787878787879,3.81818181818182,1.16666666666667,0.636363636363636,0.454545454545455,4.24242424242424,0.363636363636364,0.757575757575758,66,"Jeremy Lamb","SG",3034356,10.2193861490741
11.7179487179487,3.24358974358974,3.01282051282051,0.743589743589744,0.538461538461538,5.48717948717949,0.692307692307692,1.92307692307692,78,"Jeremy Lin","SG",2100000,16.184942446366
5.62790697674419,1.32558139534884,0.488372093023256,0.255813953488372,0.0697674418604651,2.27906976744186,0.0930232558139535,0.558139534883721,43,"Troy Daniels","SG",947276,5.39757442151433
13.8395061728395,3.34567901234568,4.72839506172839,1.85185185185185,0.45679012345679,7.22222222222222,0.54320987654321,2.50617283950617,81,"Monta Ellis","SG",10300000,20.8791820737743
4,1.18421052631579,0.710526315789474,0.236842105263158,0.0263157894736842,2.07894736842105,0.289473684210526,0.5,38,"Darrun Hilliard","SG",525093,5.11993974806659
7.33333333333333,1.66666666666667,1,0,0,4.33333333333333,0,0.333333333333333,3,"Jodie Meeks","SG",6270000,6.88007903727199
14.5394736842105,3.71052631578947,1.81578947368421,1.44736842105263,0.223684210526316,7.32894736842105,0.565789473684211,1.38157894736842,76,"Kentavious Caldwell-Pope","SG",2891760,16.3037968833752
7.50847457627119,2.25423728813559,1.67796610169492,0.627118644067797,0.305084745762712,3.42372881355932,0.220338983050847,0.898305084745763,59,"E'Twaun Moore","SG",1015421,9.08446389044423
20.8805970149254,5.34328358208955,4.7910447761194,1.64179104477612,0.641791044776119,8.43283582089552,1.19402985074627,1.97014925373134,67,"Jimmy Butler","SG",15260000,23.2803219065844
6.51851851851852,2.33333333333333,1.66666666666667,0.703703703703704,0.555555555555556,3.37037037037037,0.185185185185185,0.962962962962963,27,"Justin Holiday","SG",947300,9.19753512519079
5,2.07692307692308,1.07692307692308,0.307692307692308,0.0769230769230769,2.92307692307692,0.307692307692308,0.153846153846154,13,"Alan Anderson","SG",4e+06,5.69871203391932
17.4181818181818,3.41818181818182,2.94545454545455,0.981818181818182,0.2,8,0.745454545454545,2.03636363636364,55,"Bradley Beal","SG",5694674,19.5576003740214
9.75,2.075,1.175,0.5,0.025,4.35,0.2,0.725,40,"Gary Neal","SG",2100000,9.16139450274937
2.14285714285714,1.35714285714286,0.428571428571429,0.464285714285714,0.0357142857142857,1.78571428571429,0.5,0.25,28,"Devyn Marble","SG",845059,4.2465946809149
16.0138888888889,4.79166666666667,3.91666666666667,1.61111111111111,0.75,7.56944444444444,0.583333333333333,2.125,72,"Victor Oladipo","SG",5192520,20.6947084621861
4,2.25,0.25,0.5,0,2.5,0.25,0.75,4,"Jared Cunningham","SG",57726,6.40177611828147
10.4038461538462,2.71153846153846,3.13461538461538,0.903846153846154,0.211538461538462,4.84615384615385,0.384615384615385,1.40384615384615,52,"Jerryd Bayless","SG",3e+06,13.4024152249661
18.1518987341772,3.82278481012658,4.18987341772152,1.65822784810127,0.240506329113924,8.0379746835443,0.443037974683544,2.27848101265823,79,"Khris Middleton","SG",1.5e+07,21.1785128289988
7.82926829268293,2.5609756097561,2.8780487804878,1.17073170731707,0.195121951219512,4.92682926829268,0.219512195121951,1.75609756097561,41,"O.J. Mayo","SG",8e+06,13.7178036848618
3.1,1.25714285714286,0.557142857142857,0.414285714285714,0.228571428571429,2.64285714285714,0.0428571428571429,0.4,70,"Rashad Vaughn","SG",1733040,4.97588456215272
12.8028169014085,3.74647887323944,2.02816901408451,0.352112676056338,0.140845070422535,6.26760563380282,0.295774647887324,1.15492957746479,71,"Arron Afflalo","SG",8e+06,13.6449211034799
4.85245901639344,2.44262295081967,1.37704918032787,0.557377049180328,0.0819672131147541,2.80327868852459,0.114754098360656,0.721311475409836,61,"Sasha Vujacic","SG",1356146,7.28972220318085
5.85483870967742,1.96774193548387,1.46774193548387,0.612903225806452,0.241935483870968,3.14516129032258,0.370967741935484,0.870967741935484,62,"Markel Brown","SG",845059,8.45536840250561
7.71052631578947,2.28947368421053,1.09210526315789,0.631578947368421,0.0657894736842105,4.51315789473684,0.118421052631579,0.592105263157895,76,"Wayne Ellington","SG",1500000,8.63564889939609
9.84415584415584,3.53246753246753,1.28571428571429,0.467532467532468,0.311688311688312,5.32467532467532,0.350649350649351,0.987012987012987,77,"Hollis Thompson","SG",947276,11.6704146932334
10.987012987013,2.25974025974026,1.77922077922078,0.727272727272727,0.155844155844156,6,0.38961038961039,1.18181818181818,77,"Isaiah Canaan","SG",947276,12.8126705138431
8.45205479452055,2.50684931506849,1.89041095890411,0.602739726027397,0.273972602739726,4.58904109589041,0.36986301369863,1.28767123287671,73,"Nik Stauskas","SG",2869440,11.6455162058535
4.23611111111111,2.51388888888889,0.791666666666667,0.277777777777778,0.319444444444444,2.06944444444444,0.138888888888889,0.458333333333333,72,"Brandon Rush","SG",1270964,5.57756563497953
3.57575757575758,1.03030303030303,0.96969696969697,0.257575757575758,0.196969696969697,1.71212121212121,0.0909090909090909,0.651515151515151,66,"Ian Clark","SG",947276,5.05443774882412
22.1375,3.825,2.075,0.75,0.6125,9.1875,0.35,1.725,80,"Klay Thompson","SG",15500000,19.669412352291
6.36764705882353,1.72058823529412,1.20588235294118,0.647058823529412,0.147058823529412,2.92647058823529,0.147058823529412,0.779411764705882,68,"Leandro Barbosa","SG",2500000,7.52940903273751
7.24050632911392,3.83544303797468,1.78481012658228,1,0.810126582278481,4.43037974683544,0.151898734177215,0.949367088607595,79,"Danny Green","SG",1e+07,11.0705037201953
6.01818181818182,1.74545454545455,1.05454545454545,0.436363636363636,0.0909090909090909,2.18181818181818,0.418181818181818,0.963636363636364,55,"Jonathon Simmons","SG",525093,7.51060874391996
9.56896551724138,2.51724137931034,3.05172413793103,1.13793103448276,0.189655172413793,4.10344827586207,0.362068965517241,1.70689655172414,58,"Manu Ginobili","SG",2814000,13.4336616425133
4.81428571428571,3.58571428571429,0.671428571428571,0.757142857142857,0.6,1.97142857142857,0.3,0.5,70,"Andre Roberson","SG",1210800,6.69514906364268
5.58823529411765,0.911764705882353,0.352941176470588,0.323529411764706,0.0735294117647059,2.89705882352941,0.147058823529412,0.25,68,"Anthony Morrow","SG",3344000,4.94657887728946
9.76923076923077,2.58974358974359,1.97435897435897,1.03846153846154,0.192307692307692,5.43589743589744,0.576923076923077,1.53846153846154,78,"Dion Waiters","SG",5138430,13.801206809247
5.59259259259259,1.88888888888889,1.81481481481481,0.481481481481481,0.481481481481481,3.59259259259259,0.185185185185185,1.03703703703704,27,"Randy Foye","SG",3270000,9.17463952160764
8.85074626865672,1.94029850746269,1.47761194029851,0.716417910447761,0.134328358208955,4.32835820895522,0.552238805970149,0.91044776119403,67,"Austin Rivers","SG",3100000,10.2705051076758
3.04347826086957,0.521739130434783,0.434782608695652,0.434782608695652,0.0869565217391304,1.73913043478261,0.130434782608696,0.0869565217391304,23,"C.J. Wilcox","SG",1159680,3.07413974209783
14.1772151898734,1.83544303797468,2.31645569620253,0.658227848101266,0.151898734177215,7.08860759493671,0.329113924050633,1.43037974683544,79,"Jamal Crawford","SG",5675000,14.8896437786814
16.3466666666667,1.85333333333333,1.41333333333333,0.56,0.0666666666666667,6.10666666666667,0.306666666666667,1.04,75,"J.J. Redick","SG",6867000,12.7581008275216
10.2716049382716,2.66666666666667,1.22222222222222,0.777777777777778,0.197530864197531,4.53086419753086,0.185185185185185,0.790123456790123,81,"Allen Crabbe","SG",947276,10.0530328635811
20.825,3.2375,4.2625,1.2125,0.2875,9.875,0.4875,2.45,80,"C.J. McCollum","SG",2525160,23.2274976853752
8.66666666666667,2.93055555555556,1.04166666666667,0.541666666666667,0.263888888888889,4.125,0.472222222222222,0.944444444444444,72,"Gerald Henderson","SG",6e+06,10.1826427309872
1.16666666666667,0.333333333333333,0.0833333333333333,0,0,1.16666666666667,0.0833333333333333,0.333333333333333,12,"Luis Montero","SG",525093,2.34620257110593
1.05882352941176,0.941176470588235,0.294117647058824,0.0588235294117647,0,1.05882352941176,0,0.294117647058824,34,"Pat Connaughton","SG",525093,2.41316496192594
12.525641025641,3.05128205128205,1.93589743589744,1,0.217948717948718,6.70512820512821,0.256410256410256,1,78,"Wesley Matthews","SG",16400000,13.5571287587267
3.5,1,1.5,1.5,0,2,1,1,2,"Jordan Adams","SG",1404600,8.34980241919298
8.359375,4.625,1.09375,1.71875,0.28125,3.96875,0.75,1.21875,64,"Tony Allen","SG",5168539,12.5057410689292
6.58333333333333,2.43333333333333,0.933333333333333,0.633333333333333,0.266666666666667,3.5,0.233333333333333,0.583333333333333,60,"Vince Carter","SG",4088091,7.8214607001061
5.71428571428571,2.21428571428571,1.57142857142857,0.928571428571429,0.214285714285714,3.21428571428571,0.5,1.07142857142857,14,"Xavier Munford","SG",89588,9.52715674863506
28.9756097560976,6.10975609756098,7.46341463414634,1.69512195121951,0.621951219512195,11.0609756097561,1.42682926829268,4.5609756097561,82,"James Harden","SG",15756438,35.8343276611119
5.86111111111111,1.09722222222222,1.43055555555556,0.652777777777778,0.125,3.125,0.0833333333333333,0.680555555555556,72,"Jason Terry","SG",1499187,7.12123231513231
13.2903225806452,3.51612903225806,2.03225806451613,0.580645161290323,0.129032258064516,6.35483870967742,1.12903225806452,1.64516129032258,31,"Alec Burks","SG",9213484,16.2976076176487
1.8,1.75,0.95,0.35,0.15,1.4,0.25,0.45,20,"Elijah Millsap","SG",362878,4.50037560139074
14.5443037974684,3.37974683544304,2.69620253164557,0.924050632911392,0.20253164556962,7.13924050632911,0.354430379746835,1.58227848101266,79,"Rodney Hood","SG",1348440,16.4402037755994
7.80882352941176,2.17647058823529,1.16176470588235,0.764705882352941,0.147058823529412,3.82352941176471,0.426470588235294,1.45588235294118,68,"Ben McLemore","SG",3156600,10.9363294355298
3.50980392156863,1.68627450980392,0.803921568627451,0.411764705882353,0.274509803921569,2.17647058823529,0.137254901960784,0.823529411764706,51,"James Anderson","SG",1015421,6.25482518233533
10.2352941176471,1.72058823529412,1.86764705882353,0.544117647058823,0.0294117647058824,5.73529411764706,0.338235294117647,1.17647058823529,68,"Marco Belinelli","SG",6333333,12.0544394338712
12.2631578947368,2.89473684210526,1.93421052631579,1.27631578947368,0.236842105263158,5.34210526315789,0.315789473684211,1.28947368421053,76,"Gary Harris","SG",1587480,13.3451416115767
14.3658536585366,5.80487804878049,2.47560975609756,0.865853658536585,0.475609756097561,6.80487804878049,0.634146341463415,1.69512195121951,82,"Will Barton","SG",3333333,17.7886776024335
5.64285714285714,3.42857142857143,1.07142857142857,0.714285714285714,0.142857142857143,2.92857142857143,0.714285714285714,0.785714285714286,14,"Bryce Dejean-Jones","SG",281659,8.87244533661888
15.2444444444444,2.2,2.68888888888889,0.955555555555556,0.311111111111111,7.13333333333333,0.311111111111111,1.62222222222222,45,"Eric Gordon","SG",15514031,16.1818914282293
15.16,5.16,6.56,1.28,0.32,7.12,0.76,2.92,25,"Tyreke Evans","SG",11227000,23.7706042538104
14.0243902439024,2.78048780487805,3.0609756097561,0.841463414634146,0.207317073170732,6.41463414634146,0.51219512195122,1.89024390243902,82,"Zach LaVine","SG",2148360,16.716309489558
19.5769230769231,3.88461538461538,5.05769230769231,1.17307692307692,0.384615384615385,10.0769230769231,0.519230769230769,3.40384615384615,52,"Brandon Knight","SG",1.2e+07,26.5288175299948
13.7894736842105,2.46052631578947,2.63157894736842,0.578947368421053,0.263157894736842,6.57894736842105,0.539473684210526,2.10526315789474,76,"Devin Booker","SG",2127840,16.9483006222378
4.95454545454545,1.59090909090909,1.18181818181818,0.227272727272727,0.0454545454545455,2.18181818181818,0.136363636363636,0.727272727272727,22,"John Jenkins","SG",981000,6.18342470407693
15.506329113924,3.9620253164557,2.43037974683544,1.11392405063291,0.0886075949367089,7.88607594936709,0.506329113924051,1.70886075949367,79,"Jordan Clarkson","SG",845059,17.9050601457902
15.3432835820896,2.52238805970149,2.49253731343284,0.925373134328358,0.283582089552239,6.11940298507463,1.07462686567164,1.59701492537313,67,"Lou Williams","SG",7e+06,16.3394424580359
7.25925925925926,1.7962962962963,0.62962962962963,0.425925925925926,0.12962962962963,4.55555555555556,0.240740740740741,0.555555555555556,54,"Nick Young","SG",5219169,8.13369737432223
19.6415094339623,2.9622641509434,4.69811320754717,1.05660377358491,0.339622641509434,9.15094339622642,0.415094339622642,2.33962264150943,53,"Kyrie Irving","PG",14746000,21.5234854962661
7.48684210526316,2.13157894736842,4.43421052631579,0.578947368421053,0.118421052631579,4,0.118421052631579,1.52631578947368,76,"Matthew Dellavedova","PG",1147280,11.7681155876591
8.24390243902439,1.75609756097561,2.39024390243902,0.341463414634146,0.121951219512195,4.14634146341463,0.0975609756097561,1.39024390243902,41,"Mo Williams","PG",2100000,10.4478990477215
3.81481481481481,1.37037037037037,1.14814814814815,0.296296296296296,0.111111111111111,1.62962962962963,0.333333333333333,0.592592592592593,27,"Delon Wright","PG",1509360,5.11842015375421
21.2207792207792,4.74025974025974,6.41558441558442,2.05194805194805,0.441558441558442,8.90909090909091,1.20779220779221,2.92207792207792,77,"Kyle Lowry","PG",1.2e+07,25.7673810170541
4.38888888888889,1.75,2.5,0.305555555555556,0,2.38888888888889,0.0555555555555556,1.16666666666667,36,"Beno Udrih","PG",2170465,7.59827583287322
14.1388888888889,3.84722222222222,5.81944444444444,0.986111111111111,0.236111111111111,6.36111111111111,0.625,2.56944444444444,72,"Goran Dragic","PG",14780000,19.4797646929181
10.9875,2.55,4.3625,0.875,0.1125,5.65,0.475,2.2875,80,"Dennis Schroder","PG",1763400,16.1598689761548
15.6835443037975,2.70886075949367,5.94936708860759,1.22784810126582,0.30379746835443,7.0126582278481,0.645569620253165,2.75949367088608,79,"Jeff Teague","PG",8e+06,20.5078033641583
0.454545454545455,1.09090909090909,1.27272727272727,0.181818181818182,0.0909090909090909,0.818181818181818,0,0.272727272727273,11,"Kirk Hinrich","PG",2870000,2.66249355848645
22.2317073170732,2.96341463414634,6.20731707317073,1.10975609756098,0.109756097560976,9.64634146341463,0.853658536585366,2.68292682926829,82,"Isaiah Thomas","PG",6912869,24.203934019398
9.14754098360656,4.18032786885246,3.0327868852459,1.49180327868852,0.295081967213115,5.65573770491803,0.60655737704918,1.31147540983607,61,"Marcus Smart","PG",3431040,14.4998836196791
1.84615384615385,1.61538461538462,0.948717948717949,0.153846153846154,0.0256410256410256,1.97435897435897,0.0512820512820513,0.487179487179487,39,"Terry Rozier","PG",1824360,4.51154210678607
1.83333333333333,0.583333333333333,1.41666666666667,0.25,0,0.416666666666667,0.0833333333333333,0.5,12,"Jorge Gutierrez","PG",301444,2.88524634812898
20.8518518518519,4.40740740740741,5.19753086419753,1.55555555555556,0.481481481481481,9.41975308641975,0.827160493827161,2.11111111111111,81,"Kemba Walker","PG",1.2e+07,23.1510182717013
12.0810810810811,4.02702702702703,3.5,1.12162162162162,0.22972972972973,5.58108108108108,0.486486486486487,1.36486486486486,74,"George Hill","PG",8e+06,14.7988679302934
8.91379310344828,2.68965517241379,2.44827586206897,0.741379310344828,0.137931034482759,4.48275862068965,0.46551724137931,1.31034482758621,58,"Rodney Stuckey","PG",6500000,11.7552088779873
18.8481012658228,3.20253164556962,6.22784810126582,0.746835443037975,0.139240506329114,8.91139240506329,0.582278481012658,2.82278481012658,79,"Reggie Jackson","PG",1.4e+07,22.8969089149754
4.83333333333333,1.41666666666667,1.83333333333333,0.25,0,2.91666666666667,1.16666666666667,0.583333333333333,12,"Spencer Dinwiddie","PG",845059,7.62818238935553
4.37931034482759,1.53448275862069,3.44827586206897,0.413793103448276,0.0862068965517241,2.53448275862069,0.0689655172413793,1.39655172413793,58,"Steve Blake","PG",2170465,8.69897990460863
7.11594202898551,1.46376811594203,2.60869565217391,0.434782608695652,0.144927536231884,4.07246376811594,0.217391304347826,1.18840579710145,69,"Aaron Brooks","PG",2e+06,9.94869675596177
16.3636363636364,3.40909090909091,4.71212121212121,0.666666666666667,0.212121212121212,9.10606060606061,0.560606060606061,2.65151515151515,66,"Derrick Rose","PG",20093063,21.6682283330562
19.8831168831169,4.92207792207792,10.2467532467532,1.88311688311688,0.766233766233766,10.0909090909091,0.935064935064935,4.12987012987013,77,"John Wall","PG",15851950,30.9273037042027
9.87804878048781,2.47560975609756,2.91463414634146,0.560975609756098,0.0609756097560976,3.80487804878049,0.841463414634146,1.40243902439024,82,"Ramon Sessions","PG",2170465,11.8245561603924
7,2,4,0.72,0.2,4.08,0.4,1.4,25,"Brandon Jennings","PG",8344497,11.6558073896853
4.3030303030303,2,2.66666666666667,0.575757575757576,0.151515151515152,2.72727272727273,0.151515151515152,0.757575757575758,33,"C.J. Watson","PG",5e+06,7.58913178552516
10.6575342465753,3.57534246575342,6.41095890410959,1.21917808219178,0.273972602739726,5.64383561643836,1.06849315068493,2.42465753424658,73,"Elfrid Payton","PG",2505720,18.7140848183753
1.2,0.2,0.2,0.2,0,1.2,0,0.6,5,"Keith Appling","PG",161776,2.87831954918894
3.69090909090909,1,1.76363636363636,0.418181818181818,0.0181818181818182,2.41818181818182,0.218181818181818,0.836363636363636,55,"Shabazz Napier","PG",1294440,6.39415265402709
16.875,7.65,4.3125,1.175,1.4125,6.25,1.4125,2.6,80,"Giannis Antetokounmpo","PG",1953960,22.3739861278186
5.65217391304348,2.04347826086957,3.95652173913043,0.434782608695652,0,4.04347826086957,0.173913043478261,1.73913043478261,23,"Greivis Vasquez","PG",6600000,11.6000512658105
11.537037037037,5.11111111111111,5.2037037037037,1.48148148148148,0.759259259259259,5.62962962962963,1.03703703703704,2.83333333333333,54,"Michael Carter-Williams","PG",2399040,20.150616440155
4.47826086956522,1.6304347826087,2.06521739130435,0.543478260869565,0.0217391304347826,2.23913043478261,0.195652173913043,1,46,"Tyler Ennis","PG",1662360,7.15009414713722
5.60526315789474,1.88157894736842,2.32894736842105,0.657894736842105,0.131578947368421,3.11842105263158,0.355263157894737,1.14473684210526,76,"Jerian Grant","PG",1572360,9.00203294506628
7.55555555555556,3.18055555555556,4.15277777777778,0.875,0.0972222222222222,3.41666666666667,0.0833333333333333,1.20833333333333,72,"Jose Calderon","PG",7402812,10.9921287874053
7.6219512195122,3.51219512195122,2.52439024390244,0.939024390243902,0.268292682926829,4.35365853658537,0.341463414634146,0.74390243902439,82,"Langston Galloway","PG",845059,10.7034523915371
6.95081967213115,2.83606557377049,4.39344262295082,0.524590163934426,0.0655737704918033,3.21311475409836,0.426229508196721,1.31147540983607,61,"Donald Sloan","PG",1015421,11.0252821634049
12.84375,4.25,7.375,1.0625,0.21875,6.8125,0.375,2.9375,32,"Jarrett Jack","PG",6300000,21.1683637748094
7.25641025641026,2.30769230769231,4.38461538461539,1.21794871794872,0.153846153846154,3.58974358974359,0.307692307692308,1.87179487179487,78,"Shane Larkin","PG",1500000,12.6675231681704
14.66,4.26,6.96,1.28,0.36,8.8,0.88,2.6,50,"Ish Smith","PG",1100602,23.202766906804
3.7,0.933333333333333,2.43333333333333,0.533333333333333,0.0666666666666667,2.5,0.133333333333333,1.43333333333333,30,"Kendall Marshall","PG",2144722,8.00400067504136
6.08641975308642,3.08641975308642,4.53086419753086,1.17283950617284,0.123456790123457,3.03703703703704,0.185185185185185,1.72839506172839,81,"T.J. McConnell","PG",525093,11.891796732651
8.375,2.625,2.5,0.375,0,5.375,2.125,3.625,8,"Tony Wroten","PG",2179354,18.7431527318772
6.25641025641026,2.16666666666667,3.03846153846154,0.730769230769231,0.346153846153846,2.25641025641026,0.166666666666667,1,78,"Shaun Livingston","PG",5543725,8.4084974652957
30.0632911392405,5.44303797468354,6.67088607594937,2.13924050632911,0.189873417721519,10.0379746835443,0.468354430379747,3.31645569620253,79,"Stephen Curry","PG",11370786,28.639319057706
8.51851851851852,1.95061728395062,2.79012345679012,0.728395061728395,0.0740740740740741,4.34567901234568,0.135802469135802,0.938271604938272,81,"Patrick Mills","PG",3578947,10.2531618149636
11.9027777777778,2.44444444444444,5.26388888888889,0.75,0.152777777777778,5,0.569444444444444,1.81944444444444,72,"Tony Parker","PG",13437500,15.1551386038969
4.96491228070175,1.49122807017544,1.89473684210526,0.631578947368421,0.105263157894737,2.87719298245614,0.087719298245614,0.771929824561403,57,"Cameron Payne","PG",2021520,7.21314495971363
23.475,7.825,10.425,2.0375,0.25,9.85,1.35,4.275,80,"Russell Westbrook","PG",16744218,33.1281534372343
19.5405405405405,4.18918918918919,9.97297297297297,2.05405405405405,0.175675675675676,8.09459459459459,0.459459459459459,2.62162162162162,74,"Chris Paul","PG",21468696,24.6522310967019
2.45762711864407,1.93220338983051,2.20338983050847,0.898305084745763,0.0169491525423729,1.55932203389831,0.0169491525423729,0.830508474576271,59,"Pablo Prigioni","PG",981348,6.02823317692645
2.85714285714286,0.571428571428571,0.761904761904762,0.142857142857143,0.0476190476190476,1.28571428571429,0.0952380952380952,0.333333333333333,21,"Brian Roberts","PG",2854940,3.20058791140666
25.0533333333333,4.02666666666667,6.82666666666667,0.866666666666667,0.373333333333333,11.4133333333333,0.666666666666667,3.22666666666667,75,"Damian Lillard","PG",4236287,28.0595737272465
14.1230769230769,2.92307692307692,5.81538461538462,0.938461538461538,0.215384615384615,6.98461538461538,0.415384615384615,2.30769230769231,65,"Deron Williams","PG",5500000,18.8814402805982
7.609375,2.15625,1.84375,0.9375,0.203125,3.234375,0.609375,1.03125,64,"Devin Harris","PG",4053000,9.53911775926537
10.9189189189189,2.05405405405405,4.08108108108108,0.351351351351351,0.027027027027027,5.32432432432432,0.297297297297297,1.52702702702703,74,"J.J. Barea","PG",4e+06,13.3955155016134
9.5375,3.225,3.55,0.85,0.1875,5.0625,0.3375,1.5125,80,"Raymond Felton","PG",3950313,13.5497421921091
1.6,0.8,0.8,0,0,1.6,0.2,0.2,5,"Elliot Williams","PG",55722,3.1494763404425
9.16666666666667,2.08333333333333,3.08333333333333,1.25,0.166666666666667,4.83333333333333,0,1.5,12,"Jordan Farmar","PG",191456,12.3822426330411
10.8181818181818,2.6,3.83636363636364,1.45454545454545,0.218181818181818,4.36363636363636,0.781818181818182,1.83636363636364,55,"Mario Chalmers","PG",4300000,14.4246610999168
15.3035714285714,2.92857142857143,6.10714285714286,1.19642857142857,0.285714285714286,7.17857142857143,0.678571428571429,1.5,56,"Mike Conley","PG",9588426,18.1867450773066
1.53333333333333,0.6,0.733333333333333,0.333333333333333,0.0666666666666667,1,0.333333333333333,0.466666666666667,15,"Russ Smith","PG",816482,3.35057345060624
2.75,0.25,0.5,0.75,0.25,1.375,0.125,0.875,8,"Andrew Goudelock","PG",200600,4.6001340098753
9.85915492957746,3.52112676056338,3.36619718309859,1.32394366197183,0.366197183098592,4.73239436619718,0.394366197183099,1.28169014084507,71,"Patrick Beverley","PG",6500000,13.2656908047187
5.87654320987654,1.48148148148148,2.14814814814815,0.765432098765432,0.0246913580246914,2.93827160493827,0.222222222222222,1.34567901234568,81,"Raul Neto","PG",1e+06,8.88587625736575
12.6785714285714,3.78571428571429,5.32142857142857,0.928571428571429,0.107142857142857,6.35714285714286,0.464285714285714,2.89285714285714,28,"Shelvin Mack","PG",2433333,19.3727321941571
10.609375,1.75,2.3125,0.546875,0.09375,5.8125,0.234375,1.25,64,"Trey Burke","PG",2658240,12.3384734903484
13.9864864864865,2.28378378378378,4.2972972972973,1.02702702702703,0.0540540540540541,5.39189189189189,0.432432432432432,1.75675675675676,74,"Darren Collison","PG",5013559,15.151219662609
11.9305555555556,6.04166666666667,11.6527777777778,1.95833333333333,0.138888888888889,5.93055555555556,0.875,3.86111111111111,72,"Rajon Rondo","PG",9500000,25.8864958803314
6.79545454545455,1.36363636363636,1.52272727272727,0.5,0.0681818181818182,2.77272727272727,0.204545454545455,0.818181818181818,44,"Seth Curry","PG",947276,7.29115272904542
11.6071428571429,1.85714285714286,4.71428571428571,0.892857142857143,0.0714285714285714,4.53571428571429,0.607142857142857,1.92857142857143,28,"D.J. Augustin","PG",3e+06,14.4370194279387
12.8235294117647,3.41176470588235,5.47058823529412,0.955882352941177,0.514705882352941,8.47058823529412,1.01470588235294,3.19117647058824,68,"Emmanuel Mudiay","PG",3102240,22.7759692281528
7.66666666666667,2.94871794871795,4.87179487179487,0.641025641025641,0.128205128205128,4.97435897435897,0.128205128205128,1.69230769230769,39,"Jameer Nelson","PG",4500000,13.6934598999211
16.7538461538462,3,6.01538461538462,1.35384615384615,0.338461538461538,8.07692307692308,0.523076923076923,2.56923076923077,65,"Jrue Holiday","PG",10595507,21.4309267226985
0,0,2,0.5,0,0.5,0,0,2,"Nate Robinson","PG",44000,1.72333875780035
10.6,3.35555555555556,3.71111111111111,0.822222222222222,0.111111111111111,6.4,0.288888888888889,1.66666666666667,45,"Norris Cole","PG",3036927,15.351450726223
8.70491803278689,2.34426229508197,2.57377049180328,1.14754098360656,0.0819672131147541,4.29508196721311,0.245901639344262,1.04918032786885,61,"Toney Douglas","PG",1164858,10.8767917437123
10.0789473684211,4.28947368421053,8.6578947368421,2.13157894736842,0.131578947368421,4.82894736842105,0.631578947368421,2.53947368421053,76,"Ricky Rubio","PG",12365000,19.435661350973
4.21621621621622,1.27027027027027,2.91891891891892,0.837837837837838,0.0810810810810811,2.7027027027027,0.297297297297297,0.891891891891892,37,"Tyus Jones","PG",1282080,7.88976644175081
8.85964912280702,2.49122807017544,2.07017543859649,0.473684210526316,0.228070175438596,4.31578947368421,1.10526315789474,1.75438596491228,57,"Archie Goodwin","PG",1160160,12.8004333732247
20.3870967741935,4.03225806451613,6.12903225806452,2.03225806451613,0.612903225806452,8.67741935483871,1.09677419354839,3.54838709677419,31,"Eric Bledsoe","PG",13086957,26.2305710387679
2.5,0.875,1.375,0.375,0.125,2.125,0.125,1.125,8,"Lorenzo Brown","PG",111444,6.21643921559934
5.33870967741935,1.59677419354839,2.37096774193548,1.19354838709677,0.209677419354839,3,0.161290322580645,1.12903225806452,62,"Ronnie Price","PG",1499187,8.84722300454294
13.175,3.425,3.325,1.1625,0.1625,7.05,0.625,2.45,80,"D'Angelo Russell","PG",5103120,18.4103891114202
4.47169811320755,1.69811320754717,3.43396226415094,0.490566037735849,0.132075471698113,2.50943396226415,0.0377358490566038,1.50943396226415,53,"Marcelo Huertas","PG",525093,9.02205434518255
